ra_game_id,title,category,achievements,ra_hashes,status,local_roms,local_releases,dat_entries,dat_games,nointro_db_files,nointro_db_titles
1446,Super Mario Bros.,Official,76,2,local,4,"Super Mario Bros. - 25th Anniversary (Japan) (En) (Virtual Console),Super Mario Bros. (World)",2,"Super Mario Bros. - 25th Anniversary (Japan) (En) (Virtual Console),Super Mario Bros. (World)",0,
1447,Contra,Official,40,1,local,2,Contra (USA),1,Contra (USA),0,
1448,Mega Man,Official,48,3,local,6,"Mega Man (USA),Rockman (Japan) (En),Mega Man (Europe)",3,"Mega Man (USA),Rockman (Japan) (En),Mega Man (Europe)",0,
1449,Final Fantasy,Official,40,11,local,6,"Final Fantasy (USA),Final Fantasy (Japan) (Rev 1),Final Fantasy (Japan)",3,"Final Fantasy (USA),Final Fantasy (Japan) (Rev 1),Final Fantasy (Japan)",0,
1451,Mega Man 2,Official,84,4,local,6,"Mega Man 2 (USA),Rockman 2 - Dr. Wily no Nazo (Japan),Mega Man 2 (Europe)",3,"Mega Man 2 (USA),Rockman 2 - Dr. Wily no Nazo (Japan),Mega Man 2 (Europe)",0,
1452,River City Ransom,Official,48,3,local,2,River City Ransom (USA),1,River City Ransom (USA),0,
1453,Zelda II: The Adventure of Link,Official,44,13,local,2,Zelda II - The Adventure of Link (USA),1,Zelda II - The Adventure of Link (USA),0,
1454,The Legend of Zelda,Official,69,23,local,4,"Legend of Zelda, The (USA) (Rev 1),Legend of Zelda, The (USA)",2,"Legend of Zelda, The (USA) (Rev 1),Legend of Zelda, The (USA)",0,
1456,Alpha Mission,Official,24,2,local,4,"Alpha Mission (Europe),Alpha Mission (USA)",2,"Alpha Mission (Europe),Alpha Mission (USA)",0,
1457,Cyber Stadium Series: Base Wars,Official,67,1,local,2,Cyber Stadium Series - Base Wars (USA),1,Cyber Stadium Series - Base Wars (USA),0,
1458,Batman: The Video Game,Official,41,3,local,6,"Batman - The Video Game (USA),Batman (Japan) (En),Batman - The Video Game (Europe)",3,"Batman - The Video Game (USA),Batman (Japan) (En),Batman - The Video Game (Europe)",0,
1459,Blaster Master,Official,25,1,local,2,Blaster Master (USA),1,Blaster Master (USA),0,
1460,Bubble Bobble,Official,75,2,local,4,"Bubble Bobble (USA),Bubble Bobble (Europe)",2,"Bubble Bobble (USA),Bubble Bobble (Europe)",0,
1461,Castlevania II: Simon's Quest,Official,44,1,local,2,Castlevania II - Simon's Quest (USA),1,Castlevania II - Simon's Quest (USA),0,
1462,Castlevania,Official,74,7,local,4,"Castlevania (USA) (Rev 1),Castlevania (USA)",2,"Castlevania (USA) (Rev 1),Castlevania (USA)",0,
1463,Chip 'n Dale: Rescue Rangers,Official,60,4,local,6,"Chip to Dale no Daisakusen (Japan),Chip 'n Dale - Rescue Rangers (Europe),Chip 'n Dale - Rescue Rangers (USA)",3,"Chip to Dale no Daisakusen (Japan),Chip 'n Dale - Rescue Rangers (Europe),Chip 'n Dale - Rescue Rangers (USA)",0,
1464,Darkwing Duck,Official,56,3,local,6,"Darkwing Duck (Europe),Darkwing Duck (Germany),Darkwing Duck (USA)",3,"Darkwing Duck (Europe),Darkwing Duck (Germany),Darkwing Duck (USA)",0,
1465,Donkey Kong Jr.,Official,18,3,local,6,"Donkey Kong Jr. (World) (Rev 1) (Animal Crossing),Donkey Kong Jr. (Japan) (En),Donkey Kong Jr. (World) (Rev 1)",3,"Donkey Kong Jr. (World) (Rev 1) (Animal Crossing),Donkey Kong Jr. (Japan) (En),Donkey Kong Jr. (World) (Rev 1)",0,
1466,Donkey Kong,Official,25,4,local,9,"Donkey Kong (World) (Rev 1) (Animal Crossing),Donkey Kong (World) (Rev 1),Donkey Kong - Original Edition (Europe) (Wii Virtual Console),Donkey Kong (Japan) (En)",4,"Donkey Kong (World) (Rev 1) (Animal Crossing),Donkey Kong (World) (Rev 1),Donkey Kong - Original Edition (Europe) (Wii Virtual Console),Donkey Kong (Japan) (En)",0,
1467,Double Dragon,Official,28,2,local,4,"Double Dragon (USA),Double Dragon (Europe)",2,"Double Dragon (USA),Double Dragon (Europe)",0,
1468,Double Dribble,Official,20,4,local,6,"Double Dribble (Europe),Double Dribble (USA),Double Dribble (USA) (Rev 1)",3,"Double Dribble (Europe),Double Dribble (USA),Double Dribble (USA) (Rev 1)",0,
1469,Dr. Mario,Official,70,3,local,6,"Dr. Mario (Europe),Dr. Mario (Japan, USA) (En),Dr. Mario (Japan, USA) (En) (Rev 1)",3,"Dr. Mario (Europe),Dr. Mario (Japan, USA) (En),Dr. Mario (Japan, USA) (En) (Rev 1)",0,
1470,Dragon Quest II,Official,69,2,local,4,"Dragon Quest II - Akuryou no Kamigami (Japan),Dragon Warrior II (USA)",2,"Dragon Quest II - Akuryou no Kamigami (Japan),Dragon Warrior II (USA)",0,
1471,Dragon Quest,Official,33,11,local,6,"Dragon Quest (Japan),Dragon Warrior (USA) (Rev 1),Dragon Warrior (USA)",3,"Dragon Quest (Japan),Dragon Warrior (USA) (Rev 1),Dragon Warrior (USA)",0,
1472,DuckTales,Official,63,1,local,2,DuckTales (USA),1,DuckTales (USA),0,
1473,Excitebike,Official,17,3,local,6,"Excitebike (Europe),Excitebike (Japan, USA) (En) (Animal Crossing),Excitebike (Japan, USA) (En)",3,"Excitebike (Europe),Excitebike (Japan, USA) (En) (Animal Crossing),Excitebike (Japan, USA) (En)",0,
1474,Friday the 13th,Official,23,2,local,2,Friday the 13th (USA),1,Friday the 13th (USA),0,
1475,Gyromite,Official,46,1,local,2,Gyromite (World),1,Gyromite (World),0,
1476,Gyruss,Official,49,2,local,2,Gyruss (USA),1,Gyruss (USA),0,
1477,Jackal,Official,50,2,local,4,"Jackal (USA),Jackal (World) (Konami Collector's Series)",2,"Jackal (USA),Jackal (World) (Konami Collector's Series)",0,
1478,Kid Icarus,Official,33,7,local,4,"Kid Icarus (USA, Europe) (Rev 1),Kid Icarus (USA, Europe)",2,"Kid Icarus (USA, Europe) (Rev 1),Kid Icarus (USA, Europe)",0,
1479,Kirby's Adventure,Official,60,8,local,14,"Kirby's Adventure (Europe),Kirby's Adventure (USA),Hoshi no Kirby - Yume no Izumi no Monogatari (Japan),Kirby's Adventure (USA) (Rev 1),Kirby's Adventure (Germany),Kirby's Adventure (Canada) (Fr),Kirby's Adventure (France)",7,"Kirby's Adventure (Europe),Kirby's Adventure (USA),Hoshi no Kirby - Yume no Izumi no Monogatari (Japan),Kirby's Adventure (USA) (Rev 1),Kirby's Adventure (Germany),Kirby's Adventure (Canada) (Fr),Kirby's Adventure (France)",0,
1480,Kung Fu,Official,22,3,local,6,"Kung Fu (Japan, USA) (En),Kung Fu (Europe, Hong Kong) (En),Spartan X (Japan) (En)",3,"Kung Fu (Japan, USA) (En),Kung Fu (Europe, Hong Kong) (En),Spartan X (Japan) (En)",0,
1481,Lode Runner,Official,64,2,local,4,"Lode Runner (USA),Lode Runner (Japan)",2,"Lode Runner (USA),Lode Runner (Japan)",0,
1482,Maniac Mansion,Official,36,2,local,2,Maniac Mansion (USA),1,Maniac Mansion (USA),0,
1483,Mega Man 3,Official,80,1,local,2,Mega Man 3 (USA),1,Mega Man 3 (USA),0,
1484,Mega Man 5,Official,80,2,local,4,"Rockman 5 - Blues no Wana! (Japan),Mega Man 5 (USA)",2,"Rockman 5 - Blues no Wana! (Japan),Mega Man 5 (USA)",0,
1485,Mega Man 6,Official,92,7,local,4,"Mega Man 6 (USA),Rockman 6 - Shijou Saidai no Tatakai!! (Japan)",2,"Mega Man 6 (USA),Rockman 6 - Shijou Saidai no Tatakai!! (Japan)",0,
1486,Metal Gear,Official,97,8,local,6,"Metal Gear (Japan),Metal Gear (Europe),Metal Gear (USA)",3,"Metal Gear (Japan),Metal Gear (Europe),Metal Gear (USA)",0,
1487,Metroid,Official,25,2,local,2,Metroid (USA),1,Metroid (USA),0,
1488,Mickey Mousecapade,Official,30,1,local,2,Mickey Mousecapade (USA),1,Mickey Mousecapade (USA),0,
1489,Mike Tyson's Punch-Out!!,Official,28,2,local,4,"Mike Tyson's Punch-Out!! (Japan, USA) (En),Mike Tyson's Punch-Out!! (Japan, USA) (En) (Rev 1)",2,"Mike Tyson's Punch-Out!! (Japan, USA) (En),Mike Tyson's Punch-Out!! (Japan, USA) (En) (Rev 1)",0,
1490,Monster Party,Official,34,1,local,2,Monster Party (USA),1,Monster Party (USA),0,
1491,Pac-Man,Official,12,8,local,12,"Pac-Man (Japan) (En) (Rev 2),Pac-Man (Europe),Pac-Man (Japan) (En),Pac-Man (USA) (Tengen),Pac-Man (USA) (Namco),Pac-Man (Japan) (En) (Rev 1)",6,"Pac-Man (Japan) (En) (Rev 2),Pac-Man (Europe),Pac-Man (Japan) (En),Pac-Man (USA) (Tengen),Pac-Man (USA) (Namco),Pac-Man (Japan) (En) (Rev 1)",0,
1492,Pinball Quest,Official,28,3,local,6,"Pinball Quest (Japan),Pinball Quest (USA),Pinball Quest (Australia)",3,"Pinball Quest (Japan),Pinball Quest (USA),Pinball Quest (Australia)",0,
1493,Pro Wrestling,Official,28,3,local,6,"Pro Wrestling (USA) (Rev 1),Pro Wrestling (USA),Pro Wrestling (Europe)",3,"Pro Wrestling (USA) (Rev 1),Pro Wrestling (USA),Pro Wrestling (Europe)",0,
1494,Q*bert,Official,27,1,local,2,Q-bert (USA),1,Q-bert (USA),0,
1495,Rambo,Official,33,2,local,4,"Rambo (USA),Rambo (USA) (Rev 1)",2,"Rambo (USA),Rambo (USA) (Rev 1)",0,
1496,R.C. Pro-Am,Official,31,2,local,4,"R.C. Pro-Am (USA),R.C. Pro-Am (Europe)",2,"R.C. Pro-Am (USA),R.C. Pro-Am (Europe)",0,
1497,RoboCop,Official,30,3,local,4,"RoboCop (USA),RoboCop (Europe)",2,"RoboCop (USA),RoboCop (Europe)",0,
1498,Rygar,Official,22,4,local,6,"Rygar (USA) (Rev 1),Argos no Senshi - Hachamecha Daishingeki (Japan),Rygar (USA)",3,"Rygar (USA) (Rev 1),Argos no Senshi - Hachamecha Daishingeki (Japan),Rygar (USA)",0,
1499,Shadowgate,Official,42,5,local,10,"Shadowgate (France),Shadowgate (Germany),Shadowgate (Sweden),Shadowgate (Europe),Shadowgate (USA)",5,"Shadowgate (France),Shadowgate (Germany),Shadowgate (Sweden),Shadowgate (Europe),Shadowgate (USA)",0,
1500,Stinger,Official,28,1,local,2,Stinger (USA),1,Stinger (USA),0,
1501,Street Fighter 2010: The Final Fight,Official,27,2,local,4,"2010 Street Fighter (Japan),Street Fighter 2010 - The Final Fight (USA)",2,"2010 Street Fighter (Japan),Street Fighter 2010 - The Final Fight (USA)",0,
1502,Super Pitfall,Official,22,3,local,4,"Super Pitfall (Japan),Super Pitfall (USA)",2,"Super Pitfall (Japan),Super Pitfall (USA)",0,
1504,Tiger-Heli,Official,13,4,local,8,"Tiger-Heli (Europe) (Rev 1),Tiger-Heli (Europe),Tiger-Heli (Japan),Tiger-Heli (USA)",4,"Tiger-Heli (Europe) (Rev 1),Tiger-Heli (Europe),Tiger-Heli (Japan),Tiger-Heli (USA)",0,
1505,Trojan,Official,31,5,local,8,"Trojan (USA),Tatakai no Banka (Japan) (Rev 1),Trojan (Europe),Tatakai no Banka (Japan)",4,"Trojan (USA),Tatakai no Banka (Japan) (Rev 1),Trojan (Europe),Tatakai no Banka (Japan)",0,
1506,Wizards & Warriors,Official,90,3,local,6,"Wizards & Warriors (USA),Wizards & Warriors (Europe),Wizards & Warriors (USA) (Rev 1)",3,"Wizards & Warriors (USA),Wizards & Warriors (Europe),Wizards & Warriors (USA) (Rev 1)",0,
1509,Battletoads,Official,20,1,local,2,Battletoads (USA),1,Battletoads (USA),0,
1510,Kid Dracula [Subset - Bonus],Official,14,1,unmatched,0,,0,,0,
1511,3-D World Runner,Official,30,1,local,2,3-D WorldRunner (USA),1,3-D WorldRunner (USA),0,
1512,8 Eyes,Official,42,2,local,4,"8 Eyes (Japan),8 Eyes (USA)",2,"8 Eyes (Japan),8 Eyes (USA)",0,
1513,10-Yard Fight,Official,15,1,local,2,"10-Yard Fight (USA, Europe)",1,"10-Yard Fight (USA, Europe)",0,
1515,1942,Official,27,3,local,2,"1942 (Japan, USA) (En)",1,"1942 (Japan, USA) (En)",0,
1516,1943: The Battle of Midway,Official,30,5,local,4,"1943 - The Battle of Midway (USA),1943 - The Battle of Valhalla (Japan)",2,"1943 - The Battle of Midway (USA),1943 - The Battle of Valhalla (Japan)",0,
1517,A Nightmare on Elm Street,Official,33,3,local,2,"Nightmare on Elm Street, A (USA)",1,"Nightmare on Elm Street, A (USA)",0,
1518,Abadox: The Deadly Inner War,Official,28,2,local,4,"Abadox (Japan) (En),Abadox - The Deadly Inner War (USA)",2,"Abadox (Japan) (En),Abadox - The Deadly Inner War (USA)",0,
1519,The Addams Family: Pugsley's Scavenger Hunt,Official,60,1,local,2,"Addams Family, The - Pugsley's Scavenger Hunt (USA)",1,"Addams Family, The - Pugsley's Scavenger Hunt (USA)",0,
1520,The Addams Family,Official,22,1,local,2,"Addams Family, The (USA)",1,"Addams Family, The (USA)",0,
1521,Advanced Dungeons & Dragons: DragonStrike,Official,35,1,local,2,Advanced Dungeons & Dragons - DragonStrike (USA),1,Advanced Dungeons & Dragons - DragonStrike (USA),0,
1522,Advanced Dungeons & Dragons: Hillsfar,Official,29,1,local,2,Advanced Dungeons & Dragons - Hillsfar (USA),1,Advanced Dungeons & Dragons - Hillsfar (USA),0,
1523,Advanced Dungeons & Dragons: Pool of Radiance,Official,24,1,local,2,Advanced Dungeons & Dragons - Pool of Radiance (USA),1,Advanced Dungeons & Dragons - Pool of Radiance (USA),0,
1524,Adventure Island II,Official,35,3,local,4,"Adventure Island II (USA),Takahashi Meijin no Bouken-jima II (Japan)",2,"Adventure Island II (USA),Takahashi Meijin no Bouken-jima II (Japan)",0,
1525,Adventure Island III,Official,42,2,local,4,"Takahashi Meijin no Bouken-jima III (Japan),Adventure Island 3 (USA)",2,"Takahashi Meijin no Bouken-jima III (Japan),Adventure Island 3 (USA)",0,
1526,Adventure Island,Official,15,3,local,6,"Adventure Island (USA),Takahashi Meijin no Bouken-jima (Japan),Adventure Island Classic (Europe)",3,"Adventure Island (USA),Takahashi Meijin no Bouken-jima (Japan),Adventure Island Classic (Europe)",0,
1527,Adventures in the Magic Kingdom,Official,23,1,local,2,Adventures in the Magic Kingdom (USA),1,Adventures in the Magic Kingdom (USA),0,
1528,The Adventures of Bayou Billy,Official,50,2,local,2,"Adventures of Bayou Billy, The (USA)",1,"Adventures of Bayou Billy, The (USA)",0,
1529,The Adventures of Dino Riki,Official,27,1,local,2,Adventures of Dino Riki (USA),1,Adventures of Dino Riki (USA),0,
1531,Adventures of Lolo 2,Official,34,2,local,4,"Adventures of Lolo 2 (Europe),Adventures of Lolo 2 (USA)",2,"Adventures of Lolo 2 (Europe),Adventures of Lolo 2 (USA)",0,
1532,Adventures of Lolo III,Official,37,2,local,4,"Adventures of Lolo 3 (Europe),Adventures of Lolo 3 (USA)",2,"Adventures of Lolo 3 (Europe),Adventures of Lolo 3 (USA)",0,
1533,Adventures of Lolo,Official,24,2,local,2,Adventures of Lolo (USA),1,Adventures of Lolo (USA),0,
1535,Air Fortress,Official,37,2,local,4,"Air Fortress (Japan) (En),Air Fortress (USA)",2,"Air Fortress (Japan) (En),Air Fortress (USA)",0,
1536,Airwolf,Official,24,2,local,4,"Airwolf (USA) (Acclaim),Airwolf (Europe) (Acclaim)",2,"Airwolf (USA) (Acclaim),Airwolf (Europe) (Acclaim)",0,
1537,Alfred Chicken,Official,25,1,local,2,Alfred Chicken (USA),1,Alfred Chicken (USA),0,
1540,Amagon,Official,35,2,local,2,Amagon (USA),1,Amagon (USA),0,
1542,Anticipation,Official,30,2,local,4,"Anticipation (Europe),Anticipation (USA)",2,"Anticipation (Europe),Anticipation (USA)",0,
1543,Arch Rivals,Official,8,1,local,2,Arch Rivals - A Basketbrawl! (USA),1,Arch Rivals - A Basketbrawl! (USA),0,
1544,Archon,Official,37,2,local,2,Archon (USA),1,Archon (USA),0,
1545,Arkanoid,Official,20,1,local,2,Arkanoid (USA),1,Arkanoid (USA),0,
1546,Arkista's Ring,Official,49,1,local,2,Arkista's Ring (USA),1,Arkista's Ring (USA),0,
1547,Astyanax,Official,35,2,local,4,"Astyanax (Europe),Astyanax (USA)",2,"Astyanax (Europe),Astyanax (USA)",0,
1550,Attack of the Killer Tomatoes,Official,17,1,local,2,Attack of the Killer Tomatoes (USA),1,Attack of the Killer Tomatoes (USA),0,
1551,Back to the Future II and III,Official,90,1,local,2,Back to the Future Part II & III (USA),1,Back to the Future Part II & III (USA),0,
1552,Back to the Future,Official,50,1,local,2,Back to the Future (USA),1,Back to the Future (USA),0,
1553,Bad Dudes,Official,30,3,local,6,"Bad Dudes vs. Dragon Ninja (Europe),Bad Dudes (USA),Dragon Ninja (Japan)",3,"Bad Dudes vs. Dragon Ninja (Europe),Bad Dudes (USA),Dragon Ninja (Japan)",0,
1554,Bad News Baseball,Official,37,2,local,2,Bad News Baseball (USA),1,Bad News Baseball (USA),0,
1555,Bad Street Brawler,Official,20,1,local,2,Bad Street Brawler (USA),1,Bad Street Brawler (USA),0,
1556,Balloon Fight,Official,27,3,local,6,"Balloon Fight (Japan) (En),Balloon Fight (Europe),Balloon Fight (USA)",3,"Balloon Fight (Japan) (En),Balloon Fight (Europe),Balloon Fight (USA)",0,
1558,~Unlicensed~ Koudai Guaishou III,Unlicensed,15,2,unmatched,0,,0,,0,
1559,The Bard's Tale,Official,19,1,local,2,"Bard's Tale, The (USA)",1,"Bard's Tale, The (USA)",0,
1560,Barker Bill's Trick Shooting,Official,39,1,local,2,Barker Bill's Trick Shooting (USA),1,Barker Bill's Trick Shooting (USA),0,
1564,Baseball,Official,15,1,local,2,"Baseball (USA, Europe)",1,"Baseball (USA, Europe)",0,
1568,Bases Loaded,Official,25,1,local,2,Bases Loaded (USA),1,Bases Loaded (USA),0,
1569,Batman Returns,Official,26,1,local,2,Batman Returns (USA),1,Batman Returns (USA),0,
1571,The Battle of Olympus,Official,41,3,local,4,"Battle of Olympus, The (Europe),Battle of Olympus, The (USA)",2,"Battle of Olympus, The (Europe),Battle of Olympus, The (USA)",0,
1572,Garry Kitchen's Battle Tank,Official,34,1,local,2,Garry Kitchen's Battletank (USA),1,Garry Kitchen's Battletank (USA),0,
1573,Battleship,Official,28,1,local,2,Battleship (USA),1,Battleship (USA),0,
1574,Battletoads and Double Dragon: The Ultimate Team,Official,20,2,local,4,"Battletoads-Double Dragon (USA),Battletoads-Double Dragon (Europe)",2,"Battletoads-Double Dragon (USA),Battletoads-Double Dragon (Europe)",0,
1575,Beetlejuice,Official,15,2,local,2,Beetlejuice (USA),1,Beetlejuice (USA),0,
1578,Bill & Ted's Excellent Video Game Adventure,Official,39,1,local,2,Bill & Ted's Excellent Video Game Adventure (USA),1,Bill & Ted's Excellent Video Game Adventure (USA),0,
1580,Bionic Commando,Official,39,4,local,4,"Bionic Commando (Europe),Bionic Commando (USA)",2,"Bionic Commando (Europe),Bionic Commando (USA)",0,
1582,Blades of Steel,Official,43,2,local,4,"Blades of Steel (USA),Blades of Steel (Europe)",2,"Blades of Steel (USA),Blades of Steel (Europe)",0,
1583,The Blue Marlin,Official,21,2,local,4,"Blue Marlin, The (Japan),Blue Marlin, The (USA)",2,"Blue Marlin, The (Japan),Blue Marlin, The (USA)",0,
1586,Bomberman II,Official,33,1,local,2,Bomberman II (USA),1,Bomberman II (USA),0,
1588,Bonk's Adventure,Official,17,1,local,2,Bonk's Adventure (USA),1,Bonk's Adventure (USA),0,
1589,Boulder Dash,Official,88,1,local,2,Boulder Dash (USA),1,Boulder Dash (USA),0,
1590,A Boy and His Blob: Trouble on Blobolonia,Official,15,3,local,6,"David Crane's A Boy and His Blob - Trouble on Blobolonia (Europe) (Rev 1),David Crane's A Boy and His Blob - Trouble on Blobolonia (Europe),David Crane's A Boy and His Blob - Trouble on Blobolonia (USA)",3,"David Crane's A Boy and His Blob - Trouble on Blobolonia (Europe) (Rev 1),David Crane's A Boy and His Blob - Trouble on Blobolonia (Europe),David Crane's A Boy and His Blob - Trouble on Blobolonia (USA)",0,
1591,Bram Stoker's Dracula,Official,91,2,local,4,"Bram Stoker's Dracula (Europe),Bram Stoker's Dracula (USA)",2,"Bram Stoker's Dracula (Europe),Bram Stoker's Dracula (USA)",0,
1593,BreakThru,Official,28,1,local,2,BreakThru (USA),1,BreakThru (USA),0,
1594,Bubble Bobble: Part 2,Official,25,2,local,4,"Bubble Bobble 2 (Japan) (En),Bubble Bobble Part 2 (USA)",2,"Bubble Bobble 2 (Japan) (En),Bubble Bobble Part 2 (USA)",0,
1596,The Bugs Bunny Birthday Blowout,Official,80,1,local,2,"Bugs Bunny Birthday Blowout, The (USA)",1,"Bugs Bunny Birthday Blowout, The (USA)",0,
1597,The Bugs Bunny Crazy Castle,Official,39,1,local,2,"Bugs Bunny Crazy Castle, The (USA)",1,"Bugs Bunny Crazy Castle, The (USA)",0,
1598,Bump 'n' Jump,Official,27,1,local,2,Bump 'n' Jump (USA),1,Bump 'n' Jump (USA),0,
1599,Burai Fighter,Official,51,1,local,2,Burai Fighter (USA),1,Burai Fighter (USA),0,
1600,BurgerTime,Official,20,2,local,4,"BurgerTime (USA),BurgerTime (Japan) (En)",2,"BurgerTime (USA),BurgerTime (Japan) (En)",0,
1601,Cabal,Official,55,1,local,2,Cabal (USA),1,Cabal (USA),0,
1602,Caesars Palace,Official,51,1,local,2,Caesars Palace (USA),1,Caesars Palace (USA),0,
1603,California Games,Official,30,2,local,4,"California Games (USA),California Games (Europe)",2,"California Games (USA),California Games (Europe)",0,
1604,Captain America and the Avengers,Official,53,1,local,2,Captain America and the Avengers (USA),1,Captain America and the Avengers (USA),0,
1605,Captain Planet and the Planeteers,Official,15,1,local,2,Captain Planet and the Planeteers (USA),1,Captain Planet and the Planeteers (USA),0,
1606,Captain Skyhawk,Official,15,3,local,6,"Captain Skyhawk (USA),Captain Skyhawk (USA) (Rev 1),Captain Skyhawk (Europe)",3,"Captain Skyhawk (USA),Captain Skyhawk (USA) (Rev 1),Captain Skyhawk (Europe)",0,
1607,Casino Kid 2,Official,27,1,local,2,Casino Kid II (USA),1,Casino Kid II (USA),0,
1608,Casino Kid,Official,40,1,local,2,Casino Kid (USA),1,Casino Kid (USA),0,
1610,Castle of Dragon,Official,17,1,local,2,Castle of Dragon (USA),1,Castle of Dragon (USA),0,
1611,Castlequest,Official,18,1,local,2,Castlequest (USA),1,Castlequest (USA),0,
1612,Caveman Games,Official,21,1,local,2,Caveman Games (USA),1,Caveman Games (USA),0,
1613,Darkwing Duck [Subset - Bonus],Official,24,1,unmatched,0,,0,,0,
1615,The Chessmaster,Official,29,3,local,6,"Chessmaster, The (USA),Chessmaster, The (USA) (Rev 1),Chessmaster, The (Europe)",3,"Chessmaster, The (USA),Chessmaster, The (USA) (Rev 1),Chessmaster, The (Europe)",0,
1616,Chip 'n Dale: Rescue Rangers 2,Official,48,6,local,6,"Chip 'n Dale - Rescue Rangers 2 (Europe),Chip 'n Dale - Rescue Rangers 2 (USA),Chip to Dale no Daisakusen 2 (Japan)",3,"Chip 'n Dale - Rescue Rangers 2 (Europe),Chip 'n Dale - Rescue Rangers 2 (USA),Chip to Dale no Daisakusen 2 (Japan)",0,
1619,City Connection,Official,40,1,local,2,City Connection (USA),1,City Connection (USA),0,
1620,Clash at Demonhead,Official,42,2,local,4,"Dengeki - Big Bang! (Japan),Clash at Demonhead (USA)",2,"Dengeki - Big Bang! (Japan),Clash at Demonhead (USA)",0,
1622,Cliffhanger,Official,16,1,local,2,Cliffhanger (USA),1,Cliffhanger (USA),0,
1623,Clu Clu Land,Official,30,2,local,4,"Clu Clu Land (World) (Animal Crossing),Clu Clu Land (World)",2,"Clu Clu Land (World) (Animal Crossing),Clu Clu Land (World)",0,
1624,Cobra Command,Official,20,2,local,4,"Cobra Command (Japan),Cobra Command (USA)",2,"Cobra Command (Japan),Cobra Command (USA)",0,
1625,Cobra Triangle,Official,24,2,local,4,"Cobra Triangle (Europe),Cobra Triangle (USA)",2,"Cobra Triangle (Europe),Cobra Triangle (USA)",0,
1626,Code Name: Viper,Official,39,2,local,4,"Dead Fox (Japan),Code Name - Viper (USA)",2,"Dead Fox (Japan),Code Name - Viper (USA)",0,
1627,Color a Dinosaur,Official,19,1,local,2,Color a Dinosaur (USA),1,Color a Dinosaur (USA),0,
1628,Commando,Official,33,3,local,4,"Commando (USA),Senjou no Ookami (Japan)",2,"Commando (USA),Senjou no Ookami (Japan)",0,
1629,Conan,Official,27,1,local,2,Conan (USA),1,Conan (USA),0,
1631,Conquest of the Crystal Palace,Official,33,1,local,2,Conquest of the Crystal Palace (USA),1,Conquest of the Crystal Palace (USA),0,
1632,Contra Force,Official,32,1,local,2,Contra Force (USA),1,Contra Force (USA),0,
1634,Cowboy Kid,Official,58,1,local,2,Cowboy Kid (USA),1,Cowboy Kid (USA),0,
1635,Crash 'n' the Boys: Street Challenge,Official,25,1,local,2,Crash 'n' the Boys - Street Challenge (USA),1,Crash 'n' the Boys - Street Challenge (USA),0,
1636,Crystalis,Official,43,1,local,2,Crystalis (USA),1,Crystalis (USA),0,
1640,Darkman,Official,35,2,local,4,"Darkman (USA),Darkman (Europe)",2,"Darkman (USA),Darkman (Europe)",0,
1642,Day Dreamin' Davey,Official,29,1,local,2,Day Dreamin' Davey (USA),1,Day Dreamin' Davey (USA),0,
1643,Days of Thunder,Official,28,1,local,2,Days of Thunder (USA),1,Days of Thunder (USA),0,
1644,Defender II,Official,25,1,local,2,Defender II (USA),1,Defender II (USA),0,
1645,Defender of the Crown,Official,19,3,local,6,"Defender of the Crown (France),Defender of the Crown (Europe),Defender of the Crown (USA)",3,"Defender of the Crown (France),Defender of the Crown (Europe),Defender of the Crown (USA)",0,
1647,Deja Vu: A Nightmare Comes True,Official,32,4,local,6,"Deja Vu (Sweden),Deja Vu - A Nightmare Comes True!! (Japan),Deja Vu (USA)",3,"Deja Vu (Sweden),Deja Vu - A Nightmare Comes True!! (Japan),Deja Vu (USA)",0,
1648,Demon Sword,Official,20,1,local,2,Demon Sword (USA),1,Demon Sword (USA),0,
1651,Destiny of an Emperor,Official,137,1,local,2,Destiny of an Emperor (USA),1,Destiny of an Emperor (USA),0,
1652,Dick Tracy,Official,47,3,local,2,Dick Tracy (USA),1,Dick Tracy (USA),0,
1653,Die Hard,Official,22,2,local,4,"Die Hard (USA),Die Hard (Europe)",2,"Die Hard (USA),Die Hard (Europe)",0,
1654,Dig Dug II: Trouble In Paradise,Official,26,2,local,4,"Dig Dug II - Trouble in Paradise (USA),Dig Dug II (Japan) (En)",2,"Dig Dug II - Trouble in Paradise (USA),Dig Dug II (Japan) (En)",0,
1655,Digger: Legend of the Lost City starring Digger T. Rock,Official,32,2,local,4,"Digger T. Rock - The Legend of the Lost City (USA),Digger T. Rock - The Legend of the Lost City (Europe)",2,"Digger T. Rock - The Legend of the Lost City (USA),Digger T. Rock - The Legend of the Lost City (Europe)",0,
1656,Dirty Harry,Official,30,1,local,2,Dirty Harry (USA),1,Dirty Harry (USA),0,
1657,Donkey Kong 3,Official,29,1,local,2,Donkey Kong 3 (World),1,Donkey Kong 3 (World),0,
1658,Power Blazer,Official,17,1,local,2,Power Blazer (Japan),1,Power Blazer (Japan),0,
1659,Donkey Kong Jr. Math,Official,11,2,local,4,"Donkey Kong Jr. Math (USA, Europe),Donkey Kong Jr. no Sansuu Asobi (Japan) (En)",2,"Donkey Kong Jr. Math (USA, Europe),Donkey Kong Jr. no Sansuu Asobi (Japan) (En)",0,
1660,Double Dare,Official,25,1,local,2,Double Dare (USA),1,Double Dare (USA),0,
1661,Double Dragon II: The Revenge,Official,28,1,local,2,Double Dragon II - The Revenge (USA) (Rev 1),1,Double Dragon II - The Revenge (USA) (Rev 1),0,
1662,Double Dragon III: The Sacred Stones,Official,30,3,local,6,"Double Dragon III - The Rosetta Stone (Japan),Double Dragon III - The Sacred Stones (Europe),Double Dragon III - The Sacred Stones (USA)",3,"Double Dragon III - The Rosetta Stone (Japan),Double Dragon III - The Sacred Stones (Europe),Double Dragon III - The Sacred Stones (USA)",0,
1663,Dr. Chaos,Official,19,1,local,2,Dr. Chaos (USA),1,Dr. Chaos (USA),0,
1664,Dr. Jekyll and Mr. Hyde,Official,17,1,local,2,Dr. Jekyll and Mr. Hyde (USA),1,Dr. Jekyll and Mr. Hyde (USA),0,
1665,Dragon Fighter,Official,34,2,local,4,"Dragon Fighter (USA),Dragon Fighter (Japan) (En)",2,"Dragon Fighter (USA),Dragon Fighter (Japan) (En)",0,
1666,Dragon Spirit: The New Legend,Official,51,2,local,4,"Dragon Spirit - The New Legend (USA),Dragon Spirit - Aratanaru Densetsu (Japan)",2,"Dragon Spirit - The New Legend (USA),Dragon Spirit - Aratanaru Densetsu (Japan)",0,
1667,Dragon Quest III,Official,50,6,local,6,"Dragon Warrior III (USA),Dragon Quest III - Soshite Densetsu e... (Japan) (Rev 1),Dragon Quest III - Soshite Densetsu e... (Japan)",3,"Dragon Warrior III (USA),Dragon Quest III - Soshite Densetsu e... (Japan) (Rev 1),Dragon Quest III - Soshite Densetsu e... (Japan)",0,
1668,Dragon's Lair,Official,15,1,local,2,Dragon's Lair (Europe),1,Dragon's Lair (Europe),0,
1669,Duck Hunt,Official,31,1,local,2,Duck Hunt (World),1,Duck Hunt (World),0,
1670,DuckTales 2,Official,74,4,local,2,DuckTales 2 (USA),1,DuckTales 2 (USA),0,
1671,Dungeon Magic: Sword of the Elements,Official,51,1,local,2,Dungeon Magic - Sword of the Elements (USA),1,Dungeon Magic - Sword of the Elements (USA),0,
1672,Dusty Diamond's All-Star Softball,Official,32,1,local,2,Dusty Diamond's All-Star Softball (USA),1,Dusty Diamond's All-Star Softball (USA),0,
1673,Dynowarz: The Destruction of Spondylus,Official,38,1,local,2,Dynowarz - The Destruction of Spondylus (USA),1,Dynowarz - The Destruction of Spondylus (USA),0,
1674,Elevator Action,Official,9,3,local,6,"Elevator Action (Japan) (En),Elevator Action (Japan) (En) (Rev 1),Elevator Action (USA)",3,"Elevator Action (Japan) (En),Elevator Action (Japan) (En) (Rev 1),Elevator Action (USA)",0,
1675,Eliminator Boat Duel,Official,121,2,local,2,Eliminator Boat Duel (USA),1,Eliminator Boat Duel (USA),0,
1676,Star Wars: The Empire Strikes Back,Official,22,1,local,2,Star Wars - The Empire Strikes Back (USA),1,Star Wars - The Empire Strikes Back (USA),0,
1680,Family Feud,Official,8,1,local,2,Family Feud (USA),1,Family Feud (USA),0,
1681,Faria: A World of Mystery and Danger,Official,30,1,local,2,Faria - A World of Mystery & Danger! (USA),1,Faria - A World of Mystery & Danger! (USA),0,
1682,Faxanadu,Official,75,5,local,4,"Faxanadu (USA) (Rev 1),Faxanadu (USA)",2,"Faxanadu (USA) (Rev 1),Faxanadu (USA)",0,
1683,Felix the Cat,Official,65,4,local,2,Felix the Cat (USA) (Hudson),1,Felix the Cat (USA) (Hudson),0,
1684,Ferrari Grand Prix Challenge,Official,55,2,local,4,"Ferrari Grand Prix Challenge (Europe),Ferrari Grand Prix Challenge (USA)",2,"Ferrari Grand Prix Challenge (Europe),Ferrari Grand Prix Challenge (USA)",0,
1685,Fester's Quest,Official,17,1,local,2,Fester's Quest (Europe),1,Fester's Quest (Europe),0,
1686,Fire 'n Ice,Official,16,2,local,4,"Solomon no Kagi 2 - Coolmintou Kyuushutsu Sakusen (Japan),Fire 'n Ice (USA)",2,"Solomon no Kagi 2 - Coolmintou Kyuushutsu Sakusen (Japan),Fire 'n Ice (USA)",0,
1687,Fisher-Price: Firehouse Rescue,Official,13,1,local,2,Fisher-Price - Firehouse Rescue (USA),1,Fisher-Price - Firehouse Rescue (USA),0,
1688,Fisher-Price: I Can Remember,Official,10,1,local,2,Fisher-Price - I Can Remember (USA),1,Fisher-Price - I Can Remember (USA),0,
1689,Fisher-Price: Perfect Fit,Official,6,1,local,2,Fisher-Price - Perfect Fit (USA),1,Fisher-Price - Perfect Fit (USA),0,
1690,~Hack~ Rockman 2: Basic Master (1.2),Hack,63,1,unmatched,0,,0,,0,
1692,The Flintstones: The Rescue of Dino and Hoppy,Official,23,3,local,6,"Flintstones, The - The Rescue of Dino & Hoppy (USA),Flintstones, The - The Rescue of Dino & Hoppy (Europe),Flintstones, The - The Rescue of Dino & Hoppy (Japan)",3,"Flintstones, The - The Rescue of Dino & Hoppy (USA),Flintstones, The - The Rescue of Dino & Hoppy (Europe),Flintstones, The - The Rescue of Dino & Hoppy (Japan)",0,
1693,Flying Dragon: The Secret Scroll,Official,33,1,local,2,Flying Dragon - The Secret Scroll (USA),1,Flying Dragon - The Secret Scroll (USA),0,
1694,Flying Warriors,Official,41,1,local,2,Flying Warriors (USA),1,Flying Warriors (USA),0,
1695,Formula 1: Built to Win,Official,22,1,local,2,Formula One - Built to Win (USA),1,Formula One - Built to Win (USA),0,
1696,Frankenstein: The Monster Returns,Official,20,1,local,2,Frankenstein - The Monster Returns (USA),1,Frankenstein - The Monster Returns (USA),0,
1698,Fun House,Official,22,1,local,2,Fun House (USA),1,Fun House (USA),0,
1699,G.I. Joe: The Atlantis Factor,Official,54,1,local,2,G.I. Joe - The Atlantis Factor (USA),1,G.I. Joe - The Atlantis Factor (USA),0,
1700,G.I. Joe: A Real American Hero,Official,49,1,local,2,G.I. Joe - A Real American Hero (USA),1,G.I. Joe - A Real American Hero (USA),0,
1701,Galaga: Demons of Death,Official,16,3,local,6,"Galaga - Demons of Death (USA),Galaga (Europe),Galaga (Japan) (En)",3,"Galaga - Demons of Death (USA),Galaga (Europe),Galaga (Japan) (En)",0,
1704,Gauntlet II,Official,23,1,local,2,Gauntlet II (USA),1,Gauntlet II (USA),0,
1705,Gauntlet,Official,17,2,local,4,"Gauntlet (USA) (V1.1) (Unl),Gauntlet (USA)",2,"Gauntlet (USA) (V1.1) (Unl),Gauntlet (USA)",0,
1708,Ghostbusters II,Official,31,1,local,2,Ghostbusters II (USA),1,Ghostbusters II (USA),0,
1709,Ghostbusters,Official,29,1,local,2,Ghostbusters (USA),1,Ghostbusters (USA),0,
1710,Ghosts 'n Goblins,Official,26,3,local,4,"Ghost'n Goblins (Europe),Ghosts'n Goblins (USA)",2,"Ghost'n Goblins (Europe),Ghosts'n Goblins (USA)",0,
1711,Ghoul School,Official,25,1,local,2,Ghoul School (USA),1,Ghoul School (USA),0,
1712,Goal!,Official,27,1,local,2,Goal! (USA),1,Goal! (USA),0,
1713,Godzilla 2: War of the Monsters,Official,66,1,local,2,Godzilla 2 - War of the Monsters (USA),1,Godzilla 2 - War of the Monsters (USA),0,
1714,Godzilla: Monster of Monsters!,Official,35,2,local,4,"Godzilla - Monster of Monsters! (Europe),Godzilla - Monster of Monsters! (USA)",2,"Godzilla - Monster of Monsters! (Europe),Godzilla - Monster of Monsters! (USA)",0,
1715,Capcom's Gold Medal Challenge '92,Official,62,2,local,4,"Capcom's Gold Medal Challenge '92 (USA),Capcom Barcelona '92 (Japan)",2,"Capcom's Gold Medal Challenge '92 (USA),Capcom Barcelona '92 (Japan)",0,
1717,Golf,Official,17,3,local,6,"Golf (Japan) (En),Golf (Europe),Golf (USA, Asia) (En)",3,"Golf (Japan) (En),Golf (Europe),Golf (USA, Asia) (En)",0,
1718,Golgo 13: Top Secret Episode,Official,30,2,local,4,"Golgo 13 - Daiisshou - Kamigami no Tasogare (Japan),Golgo 13 - Top Secret Episode (USA)",2,"Golgo 13 - Daiisshou - Kamigami no Tasogare (Japan),Golgo 13 - Top Secret Episode (USA)",0,
1719,The Goonies II,Official,38,2,local,4,"Goonies 2 - Fratelli Saigo no Chousen (Japan),Goonies II, The (USA)",2,"Goonies 2 - Fratelli Saigo no Chousen (Japan),Goonies II, The (USA)",0,
1720,The Goonies,Official,50,1,local,2,Goonies (Japan) (En),1,Goonies (Japan) (En),0,
1722,Gradius,Official,37,3,local,6,"Gradius (Japan) (En) (ArchiMENdes Hen),Gradius (USA),Gradius (Japan)",3,"Gradius (Japan) (En) (ArchiMENdes Hen),Gradius (USA),Gradius (Japan)",0,
1723,The Great Waldo Search,Official,12,1,local,2,"Great Waldo Search, The (USA)",1,"Great Waldo Search, The (USA)",0,
1725,Gremlins 2: The New Batch,Official,17,2,local,4,"Gremlins 2 - The New Batch (Europe),Gremlins 2 - The New Batch (USA)",2,"Gremlins 2 - The New Batch (Europe),Gremlins 2 - The New Batch (USA)",0,
1726,The Guardian Legend,Official,100,2,local,4,"Guardian Legend, The (USA),Guardic Gaiden (Japan)",2,"Guardian Legend, The (USA),Guardic Gaiden (Japan)",0,
1727,Guerrilla War,Official,42,3,local,6,"Guerrilla War (Europe),Guerrilla War (USA),Guevara (Japan)",3,"Guerrilla War (Europe),Guerrilla War (USA),Guevara (Japan)",0,
1728,Gun Nac,Official,23,2,local,4,"Gun Nac (USA),Gun Nac (Japan)",2,"Gun Nac (USA),Gun Nac (Japan)",0,
1729,Gun.Smoke,Official,16,7,local,4,"Gun.Smoke (USA),Gun.Smoke (Europe)",2,"Gun.Smoke (USA),Gun.Smoke (Europe)",0,
1730,Harlem Globetrotters,Official,11,1,local,2,Harlem Globetrotters (USA),1,Harlem Globetrotters (USA),0,
1731,Hatris,Official,22,1,local,2,Hatris (USA),1,Hatris (USA),0,
1732,Heavy Barrel,Official,31,2,local,4,"Heavy Barrel (USA),Heavy Barrel (Japan) (En)",2,"Heavy Barrel (USA),Heavy Barrel (Japan) (En)",0,
1733,Heavy Shreddin',Official,33,1,local,2,Heavy Shreddin' (USA),1,Heavy Shreddin' (USA),0,
1734,Hogan's Alley,Official,19,1,local,2,Hogan's Alley (World),1,Hogan's Alley (World),0,
1735,Hollywood Squares,Official,7,1,local,2,Hollywood Squares (USA),1,Hollywood Squares (USA),0,
1736,Home Alone 2: Lost in New York,Official,28,2,local,4,"Home Alone 2 - Lost in New York (Europe),Home Alone 2 - Lost in New York (USA)",2,"Home Alone 2 - Lost in New York (Europe),Home Alone 2 - Lost in New York (USA)",0,
1737,Home Alone,Official,11,2,local,4,"Home Alone (USA) (Rev 1),Home Alone (USA)",2,"Home Alone (USA) (Rev 1),Home Alone (USA)",0,
1738,Hook,Official,24,2,local,4,"Hook (USA),Hook (Europe)",2,"Hook (USA),Hook (Europe)",0,
1740,Hudson Hawk,Official,7,1,local,2,Hudson Hawk (USA),1,Hudson Hawk (USA),0,
1742,Hydlide,Official,22,2,local,4,"Hydlide (USA),Hydlide Special (Japan) (En)",2,"Hydlide (USA),Hydlide Special (Japan) (En)",0,
1743,Ice Climber,Official,33,3,local,4,"Ice Climber (USA, Europe, Asia) (En),Ice Climber (Japan) (En)",2,"Ice Climber (USA, Europe, Asia) (En),Ice Climber (Japan) (En)",0,
1744,Ice Hockey,Official,21,1,local,2,Ice Hockey (USA),1,Ice Hockey (USA),0,
1745,Ikari Warriors II: Victory Road,Official,35,1,local,2,Ikari Warriors II - Victory Road (USA),1,Ikari Warriors II - Victory Road (USA),0,
1746,Ikari Warriors III: The Rescue,Official,18,2,local,4,"Ikari III - The Rescue (USA),Ikari III (Japan) (En)",2,"Ikari III - The Rescue (USA),Ikari III (Japan) (En)",0,
1747,Ikari Warriors,Official,27,4,local,8,"Ikari (Japan) (En),Ikari Warriors (USA),Ikari Warriors (USA) (Rev 1),Ikari Warriors (Europe)",4,"Ikari (Japan) (En),Ikari Warriors (USA),Ikari Warriors (USA) (Rev 1),Ikari Warriors (Europe)",0,
1750,The Incredible Crash Dummies,Official,28,1,local,2,"Incredible Crash Dummies, The (USA)",1,"Incredible Crash Dummies, The (USA)",0,
1751,Indiana Jones and the Last Crusade (Taito),Official,17,2,local,4,"Indiana Jones and the Last Crusade - The Action Game (Europe),Indiana Jones and the Last Crusade (USA)",2,"Indiana Jones and the Last Crusade - The Action Game (Europe),Indiana Jones and the Last Crusade (USA)",0,
1752,Indiana Jones and the Last Crusade (Ubisoft),Official,26,1,local,2,Indiana Jones and the Last Crusade - The Action Game (USA),1,Indiana Jones and the Last Crusade - The Action Game (USA),0,
1753,Indiana Jones and the Temple of Doom,Official,38,3,local,6,"Indiana Jones and the Temple of Doom (USA) (Rev 1),Indiana Jones and the Temple of Doom (USA),Indiana Jones and the Temple of Doom (USA) (V1.1) (Unl)",3,"Indiana Jones and the Temple of Doom (USA) (Rev 1),Indiana Jones and the Temple of Doom (USA),Indiana Jones and the Temple of Doom (USA) (V1.1) (Unl)",0,
1755,Iron Tank: The Invasion of Normandy,Official,23,3,local,6,"Great Tank (Japan),Iron Tank - The Invasion of Normandy (Europe),Iron Tank - The Invasion of Normandy (USA)",3,"Great Tank (Japan),Iron Tank - The Invasion of Normandy (Europe),Iron Tank - The Invasion of Normandy (USA)",0,
1756,Isolated Warrior,Official,33,2,local,2,Isolated Warrior (USA),1,Isolated Warrior (USA),0,
1757,Ivan Stewart's Super Off-Road,Official,32,1,local,2,Ivan 'Ironman' Stewart's Super Off Road (USA),1,Ivan 'Ironman' Stewart's Super Off Road (USA),0,
1758,Jackie Chan's Action Kung Fu,Official,24,3,local,6,"Jackie Chan's Action Kung Fu (USA),Jackie Chan (Japan) (En),Jackie Chan's Action Kung Fu (Europe)",3,"Jackie Chan's Action Kung Fu (USA),Jackie Chan (Japan) (En),Jackie Chan's Action Kung Fu (Europe)",0,
1759,James Bond Jr.,Official,24,2,local,4,"James Bond Jr (Europe),James Bond Jr (USA)",2,"James Bond Jr (Europe),James Bond Jr (USA)",0,
1760,Jaws,Official,24,1,local,2,Jaws (USA),1,Jaws (USA),0,
1762,Jeopardy!,Official,6,2,local,4,"Jeopardy! (USA) (Rev 1),Jeopardy! (USA)",2,"Jeopardy! (USA) (Rev 1),Jeopardy! (USA)",0,
1763,The Jetsons: Cogswell's Caper,Official,38,1,local,2,"Jetsons, The - Cogswell's Caper (USA)",1,"Jetsons, The - Cogswell's Caper (USA)",0,
1764,Jimmy Connors Tennis,Official,46,2,local,4,"Jimmy Connors Tennis (USA),Jimmy Connors Tennis (Europe)",2,"Jimmy Connors Tennis (USA),Jimmy Connors Tennis (Europe)",0,
1765,Joe & Mac,Official,43,1,local,2,Joe & Mac (USA),1,Joe & Mac (USA),0,
1766,John Elway's Quarterback,Official,24,1,local,2,John Elway's Quarterback (USA),1,John Elway's Quarterback (USA),0,
1767,Jordan vs. Bird: One-on-One,Official,19,1,local,2,Jordan vs Bird - One on One (USA),1,Jordan vs Bird - One on One (USA),0,
1768,Journey to Silius,Official,11,4,local,6,"Journey to Silius (Europe),Journey to Silius (USA),Rough World (Japan)",3,"Journey to Silius (Europe),Journey to Silius (USA),Rough World (Japan)",0,
1769,Joust,Official,10,1,local,2,Joust (USA),1,Joust (USA),0,
1770,The Jungle Book,Official,37,6,local,4,"Jungle Book, The (USA),Jungle Book, The (Europe)",2,"Jungle Book, The (USA),Jungle Book, The (Europe)",0,
1771,Jurassic Park,Official,22,2,local,4,"Jurassic Park (Europe) (En,Fr,De,Es),Jurassic Park (USA)",2,"Jurassic Park (Europe) (En,Fr,De,Es),Jurassic Park (USA)",0,
1772,Kabuki: Quantum Fighter,Official,30,2,local,4,"Kabuki - Quantum Fighter (Europe),Kabuki - Quantum Fighter (USA)",2,"Kabuki - Quantum Fighter (Europe),Kabuki - Quantum Fighter (USA)",0,
1773,Karate Champ,Official,14,1,local,2,Karate Champ (USA) (Rev 1),1,Karate Champ (USA) (Rev 1),0,
1774,The Karate Kid,Official,31,1,local,2,"Karate Kid, The (USA)",1,"Karate Kid, The (USA)",0,
1775,Karnov,Official,32,1,local,2,Karnov (USA),1,Karnov (USA),0,
1776,Kick Master,Official,26,1,local,2,KickMaster (USA),1,KickMaster (USA),0,
1777,Kickle Cubicle,Official,23,2,local,4,"Kickle Cubicle (Europe),Kickle Cubicle (USA)",2,"Kickle Cubicle (Europe),Kickle Cubicle (USA)",0,
1778,Kid Klown in Night Mayor World,Official,26,5,local,4,"Kid Klown in Night Mayor World (USA),Mickey Mouse III - Yume Fuusen (Japan)",2,"Kid Klown in Night Mayor World (USA),Mickey Mouse III - Yume Fuusen (Japan)",0,
1779,Kid Kool and the Quest for the Seven Wonder Herbs,Official,18,2,local,4,"Kakefu-kun no Jump Tengoku - Speed Jigoku (Japan),Kid Kool and the Quest for the Seven Wonder Herbs (USA)",2,"Kakefu-kun no Jump Tengoku - Speed Jigoku (Japan),Kid Kool and the Quest for the Seven Wonder Herbs (USA)",0,
1781,King's Knight,Official,17,2,local,4,"King's Knight (USA),King's Knight (Japan)",2,"King's Knight (USA),King's Knight (Japan)",0,
1782,Kings of the Beach,Official,15,1,local,2,Kings of the Beach - Professional Beach Volleyball (USA),1,Kings of the Beach - Professional Beach Volleyball (USA),0,
1783,King's Quest V: Absence Makes the Heart Go Yonder!,Official,52,1,local,2,King's Quest V (USA),1,King's Quest V (USA),0,
1784,Kiwi Kraze: A Bird-Brained Adventure!,Official,10,2,local,4,"NewZealand Story, The (Europe),Kiwi Kraze - A Bird-Brained Adventure! (USA)",2,"NewZealand Story, The (Europe),Kiwi Kraze - A Bird-Brained Adventure! (USA)",0,
1787,The Krion Conquest,Official,14,1,local,2,"Krion Conquest, The (USA)",1,"Krion Conquest, The (USA)",0,
1791,The Last Ninja,Official,19,1,local,2,"Last Ninja, The (USA)",1,"Last Ninja, The (USA)",0,
1794,The Legend of Kage,Official,22,1,local,2,"Legend of Kage, The (USA)",1,"Legend of Kage, The (USA)",0,
1795,Legacy of the Wizard,Official,19,2,local,4,"Legacy of the Wizard (USA),Dragon Slayer IV - Drasle Family (Japan)",2,"Legacy of the Wizard (USA),Dragon Slayer IV - Drasle Family (Japan)",0,
1796,Legend of the Ghost Lion,Official,48,1,local,2,Ghost Lion (USA),1,Ghost Lion (USA),0,
1798,Lemmings,Official,24,2,local,4,"Lemmings (USA),Lemmings (Europe)",2,"Lemmings (USA),Lemmings (Europe)",0,
1799,Lethal Weapon,Official,35,1,local,2,Lethal Weapon (USA),1,Lethal Weapon (USA),0,
1800,Life Force,Official,44,1,local,2,Life Force (USA),1,Life Force (USA),0,
1801,Little League Baseball: Championship Series,Official,17,1,local,2,Little League Baseball - Championship Series (USA),1,Little League Baseball - Championship Series (USA),0,
1802,The Little Mermaid,Official,17,5,local,6,"Little Mermaid, The (USA),Little Mermaid, The (Russia) (Electronica) (Pirate),Little Mermaid - Ningyo Hime (Japan)",3,"Little Mermaid, The (USA),Little Mermaid, The (Russia) (Electronica) (Pirate),Little Mermaid - Ningyo Hime (Japan)",0,
1803,Little Nemo: The Dream Master,Official,52,4,local,6,"Little Nemo - The Dream Master (USA),Little Nemo - The Dream Master (Europe),Pajama Hero - Nemo (Japan)",3,"Little Nemo - The Dream Master (USA),Little Nemo - The Dream Master (Europe),Pajama Hero - Nemo (Japan)",0,
1804,Little Ninja Brothers,Official,33,1,local,2,Little Ninja Brothers (USA),1,Little Ninja Brothers (USA),0,
1805,Little Samson,Official,15,3,local,6,"Seirei Densetsu Lickle (Japan),Little Samson (USA),Little Samson (Europe)",3,"Seirei Densetsu Lickle (Japan),Little Samson (USA),Little Samson (Europe)",0,
1806,The Lone Ranger,Official,59,1,local,2,"Lone Ranger, The (USA)",1,"Lone Ranger, The (USA)",0,
1808,Low G Man: The Low Gravity Man,Official,27,1,local,2,Low G Man - The Low Gravity Man (USA),1,Low G Man - The Low Gravity Man (USA),0,
1809,Lunar Pool,Official,73,1,local,2,Lunar Pool (USA),1,Lunar Pool (USA),0,
1810,M.C. Kids,Official,52,1,local,2,M.C. Kids (USA),1,M.C. Kids (USA),0,
1811,M.U.L.E.,Official,16,1,local,2,M.U.L.E. (USA),1,M.U.L.E. (USA),0,
1812,M.U.S.C.L.E.: Tag Team Match,Official,23,3,local,4,"M.U.S.C.L.E. - Tag Team Match (USA),Kinnikuman - Muscle Tag Match (Japan)",2,"M.U.S.C.L.E. - Tag Team Match (USA),Kinnikuman - Muscle Tag Match (Japan)",0,
1813,Mach Rider,Official,55,3,local,6,"Mach Rider (Japan, USA) (En),Mach Rider (Europe),Mach Rider (Japan, USA) (En) (Rev 1)",3,"Mach Rider (Japan, USA) (En),Mach Rider (Europe),Mach Rider (Japan, USA) (En) (Rev 1)",0,
1815,Golgo 13: The Mafat Conspiracy,Official,12,1,local,2,"Mafat Conspiracy, The (USA)",1,"Mafat Conspiracy, The (USA)",0,
1816,Magic Darts,Official,26,1,local,2,Magic Darts (USA),1,Magic Darts (USA),0,
1818,The Magic of Scheherazade,Official,27,1,local,2,"Magic of Scheherazade, The (USA)",1,"Magic of Scheherazade, The (USA)",0,
1819,Magician,Official,52,1,local,2,Magician (USA),1,Magician (USA),0,
1820,Magmax,Official,21,2,local,4,"Magmax (Japan),Magmax (USA)",2,"Magmax (Japan),Magmax (USA)",0,
1822,Mappy-Land,Official,35,1,local,2,Mappy-Land (USA),1,Mappy-Land (USA),0,
1823,Marble Madness,Official,15,2,local,5,"Marble Madness (Europe),Marble Madness (USA)",2,"Marble Madness (Europe),Marble Madness (USA)",0,
1824,Mario Bros.,Official,20,2,local,4,"Mario Bros. (World),Mario Bros. (World) (Animal Crossing)",2,"Mario Bros. (World),Mario Bros. (World) (Animal Crossing)",0,
1825,Mario is Missing!,Official,50,1,local,2,Mario is Missing! (USA),1,Mario is Missing! (USA),0,
1826,Mario's Time Machine,Official,56,1,local,2,Mario's Time Machine (USA),1,Mario's Time Machine (USA),0,
1827,The Uncanny X-Men,Official,17,1,local,2,"Uncanny X-Men, The (USA)",1,"Uncanny X-Men, The (USA)",0,
1828,Mechanized Attack,Official,23,1,local,2,Mechanized Attack (USA),1,Mechanized Attack (USA),0,
1829,Mega Man 4,Official,80,10,local,8,"Rockman 4 - Aratanaru Yabou!! (Japan),Mega Man 4 (USA) (Rev 1),Mega Man 4 (USA),Mega Man 4 (Europe)",4,"Rockman 4 - Aratanaru Yabou!! (Japan),Mega Man 4 (USA) (Rev 1),Mega Man 4 (USA),Mega Man 4 (Europe)",0,
1830,Mendel Palace,Official,35,3,local,6,"Mendel Palace (USA),Quinty (Japan),Mendel Palace (USA, Europe) (Namco Museum Archives Vol 2)",3,"Mendel Palace (USA),Quinty (Japan),Mendel Palace (USA, Europe) (Namco Museum Archives Vol 2)",0,
1832,Metal Storm,Official,31,2,local,4,"Juuryoku Soukou Metal Storm (Japan),Metal Storm (USA)",2,"Juuryoku Soukou Metal Storm (Japan),Metal Storm (USA)",0,
1834,Mickey's Adventures in Numberland,Official,16,1,local,2,Mickey's Adventure in Numberland (USA),1,Mickey's Adventure in Numberland (USA),0,
1835,Mickey's Safari in Letterland,Official,20,1,local,2,Mickey's Safari in Letterland (USA),1,Mickey's Safari in Letterland (USA),0,
1836,Might and Magic: Secret of the Inner Sanctum,Official,55,1,local,2,Might & Magic - Secret of the Inner Sanctum (USA),1,Might & Magic - Secret of the Inner Sanctum (USA),0,
1837,Mighty Bomb Jack,Official,130,1,local,2,Mighty Bomb Jack (USA),1,Mighty Bomb Jack (USA),0,
1838,Mighty Final Fight,Official,45,3,local,6,"Mighty Final Fight (Europe),Mighty Final Fight (USA),Mighty Final Fight (Japan)",3,"Mighty Final Fight (Europe),Mighty Final Fight (USA),Mighty Final Fight (Japan)",0,
1840,Milon's Secret Castle,Official,47,2,local,4,"Meikyuu Kumikyoku - Milon no Daibouken (Japan),Milon's Secret Castle (USA)",2,"Meikyuu Kumikyoku - Milon no Daibouken (Japan),Milon's Secret Castle (USA)",0,
1841,Mission: Impossible,Official,27,2,local,2,Mission - Impossible (USA),1,Mission - Impossible (USA),0,
1842,Monopoly,Official,51,1,local,2,Monopoly (USA),1,Monopoly (USA),0,
1843,Monster In My Pocket,Official,25,2,local,4,"Monster in My Pocket (Europe),Monster in My Pocket (USA)",2,"Monster in My Pocket (Europe),Monster in My Pocket (USA)",0,
1846,Ms. Pac-Man (Namco),Official,15,1,local,2,Ms. Pac-Man (USA) (Namco),1,Ms. Pac-Man (USA) (Namco),0,
1847,~Unlicensed~ Ms. Pac-Man (Tengen),Unlicensed,30,1,local,2,Ms. Pac-Man (USA) (Tengen) (Unl),1,Ms. Pac-Man (USA) (Tengen) (Unl),0,
1848,Muppet Adventure: Chaos at the Carnival,Official,12,1,local,2,Muppet Adventure - Chaos at the Carnival (USA),1,Muppet Adventure - Chaos at the Carnival (USA),0,
1851,NARC: No One had the Guts... Until Now,Official,20,1,local,2,NARC (USA),1,NARC (USA),0,
1852,NES Open Tournament Golf,Official,42,1,local,2,NES Open Tournament Golf (USA),1,NES Open Tournament Golf (USA),0,
1855,Nightshade,Official,53,2,local,4,"Nightshade (World) (Digital),Nightshade (USA)",2,"Nightshade (World) (Digital),Nightshade (USA)",0,
1856,Ninja Crusaders,Official,42,1,local,2,Ninja Crusaders (USA),1,Ninja Crusaders (USA),0,
1857,Ninja Gaiden II: The Dark Sword of Chaos,Official,59,2,local,4,"Ninja Gaiden II - The Dark Sword of Chaos (USA),Ninja Ryuuken Den II - Ankoku no Jashin Ken (Japan)",2,"Ninja Gaiden II - The Dark Sword of Chaos (USA),Ninja Ryuuken Den II - Ankoku no Jashin Ken (Japan)",0,
1858,Ninja Gaiden III: The Ancient Ship of Doom,Official,37,1,local,2,Ninja Gaiden III - The Ancient Ship of Doom (USA),1,Ninja Gaiden III - The Ancient Ship of Doom (USA),0,
1859,Ninja Gaiden,Official,35,10,local,8,"Ninja Gaiden (USA),Shadow Warriors - Ninja Gaiden (Europe),Shadow Warriors - Ninja Gaiden (Europe) (Virtual Console),Ninja Ryuuken Den (Japan)",4,"Ninja Gaiden (USA),Shadow Warriors - Ninja Gaiden (Europe),Shadow Warriors - Ninja Gaiden (Europe) (Virtual Console),Ninja Ryuuken Den (Japan)",0,
1861,Nintendo World Cup,Official,31,3,local,6,"Nintendo World Cup (USA),Nintendo World Cup (Europe) (Rev 2),Nintendo World Cup (Europe)",3,"Nintendo World Cup (USA),Nintendo World Cup (Europe) (Rev 2),Nintendo World Cup (Europe)",0,
1863,North and South,Official,68,1,local,2,North and South (USA),1,North and South (USA),0,
1864,Operation Wolf,Official,20,1,local,2,Operation Wolf (USA),1,Operation Wolf (USA),0,
1865,Castlevania [Subset - Extreme Challenges],Official,42,1,unmatched,0,,0,,0,
1866,Othello,Official,10,1,local,2,Othello (USA) (HAL Laboratory),1,Othello (USA) (HAL Laboratory),0,
1868,P.O.W.: Prisoners of War,Official,25,1,local,2,P.O.W. - Prisoners of War (USA),1,P.O.W. - Prisoners of War (USA),0,
1870,Palamedes,Official,19,1,local,2,Palamedes (USA),1,Palamedes (USA),0,
1871,Panic Restaurant,Official,28,3,local,6,"Panic Restaurant (USA),Wanpaku Kokkun no Gourmet World (Japan),Panic Restaurant (Europe)",3,"Panic Restaurant (USA),Wanpaku Kokkun no Gourmet World (Japan),Panic Restaurant (Europe)",0,
1872,Paperboy 2,Official,53,1,local,2,Paperboy 2 (USA),1,Paperboy 2 (USA),0,
1873,Paperboy,Official,32,1,local,2,Paperboy (USA),1,Paperboy (USA),0,
1874,Fox's Peter Pan & the Pirates: The Revenge of Captain Hook,Official,15,1,local,2,Fox's Peter Pan & the Pirates - The Revenge of Captain Hook (USA),1,Fox's Peter Pan & the Pirates - The Revenge of Captain Hook (USA),0,
1876,Pictionary,Official,11,1,local,2,Pictionary - The Game of Video Quick Draw (USA),1,Pictionary - The Game of Video Quick Draw (USA),0,
1877,Pinball,Official,21,3,local,6,"Pinball (Europe, Asia) (En),Pinball (Japan, USA) (En),Pinball (Japan, USA) (En) (Animal Crossing)",3,"Pinball (Europe, Asia) (En),Pinball (Japan, USA) (En),Pinball (Japan, USA) (En) (Animal Crossing)",0,
1878,Pipe Dream,Official,33,1,local,2,Pipe Dream (USA),1,Pipe Dream (USA),0,
1880,Platoon,Official,24,2,local,4,"Platoon (USA) (Rev 1),Platoon (USA)",2,"Platoon (USA) (Rev 1),Platoon (USA)",0,
1881,Popeye,Official,40,2,local,4,"Popeye (Japan),Popeye (World) (Rev 1)",2,"Popeye (Japan),Popeye (World) (Rev 1)",0,
1882,Power Blade 2,Official,24,2,local,4,"Power Blade 2 (USA),Captain Saver (Japan)",2,"Power Blade 2 (USA),Captain Saver (Japan)",0,
1883,Power Blade,Official,28,2,local,4,"Power Blade (Europe),Power Blade (USA)",2,"Power Blade (Europe),Power Blade (USA)",0,
1885,Predator,Official,17,3,local,6,"Predator (Australia),Predator (Japan),Predator (USA)",3,"Predator (Australia),Predator (Japan),Predator (USA)",0,
1886,Prince of Persia,Official,96,5,local,10,"Prince of Persia (Europe),Prince of Persia (France),Prince of Persia (Germany),Prince of Persia (USA),Prince of Persia (Spain)",5,"Prince of Persia (Europe),Prince of Persia (France),Prince of Persia (Germany),Prince of Persia (USA),Prince of Persia (Spain)",0,
1887,Princess Tomato in the Salad Kingdom,Official,52,1,local,2,Princess Tomato in the Salad Kingdom (USA),1,Princess Tomato in the Salad Kingdom (USA),0,
1888,Solar Jetman: Hunt for the Golden Warpship,Official,79,1,local,2,Solar Jetman - Hunt for the Golden Warpship (USA),1,Solar Jetman - Hunt for the Golden Warpship (USA),0,
1889,The Punisher,Official,42,1,local,2,"Punisher, The (USA)",1,"Punisher, The (USA)",0,
1890,Puss 'n Boots: Pero's Great Adventure,Official,7,1,local,2,Puss 'n Boots - Pero's Great Adventure (USA),1,Puss 'n Boots - Pero's Great Adventure (USA),0,
1891,Puzznic,Official,39,1,local,2,Puzznic (USA),1,Puzznic (USA),0,
1892,Qix,Official,19,1,local,2,QIX (USA),1,QIX (USA),0,
1896,R.C. Pro-Am II,Official,24,2,local,4,"R.C. Pro-Am II (USA),R.C. Pro-Am II (Europe)",2,"R.C. Pro-Am II (USA),R.C. Pro-Am II (Europe)",0,
1897,Alex DeMeo's Race America,Official,22,2,local,2,Alex DeMeo's Race America (USA),1,Alex DeMeo's Race America (USA),0,
1899,Rad Racer II,Official,28,1,local,2,Rad Racer II (USA),1,Rad Racer II (USA),0,
1900,Rad Racer,Official,20,4,local,6,"Highway Star (Japan) (En) (Famicom 3D System),Rad Racer (Europe),Rad Racer (USA)",3,"Highway Star (Japan) (En) (Famicom 3D System),Rad Racer (Europe),Rad Racer (USA)",0,
1903,Rally Bike,Official,16,1,local,2,Rally Bike (USA),1,Rally Bike (USA),0,
1904,Rampage,Official,40,1,local,2,Rampage (USA),1,Rampage (USA),0,
1906,Remote Control,Official,15,1,local,2,Remote Control (USA),1,Remote Control (USA),0,
1908,Renegade,Official,42,3,local,4,"Nekketsu Kouha Kunio-kun (Japan),Renegade (USA)",2,"Nekketsu Kouha Kunio-kun (Japan),Renegade (USA)",0,
1910,Ring King,Official,31,1,local,2,Ring King (USA),1,Ring King (USA),0,
1912,RoadBlasters,Official,33,1,local,2,RoadBlasters (USA),1,RoadBlasters (USA),0,
1913,Robin Hood: Prince of Thieves,Official,24,3,local,6,"Robin Hood - Prince of Thieves (USA),Robin Hood - Prince of Thieves (Germany),Robin Hood - Prince of Thieves (USA) (Rev 1)",3,"Robin Hood - Prince of Thieves (USA),Robin Hood - Prince of Thieves (Germany),Robin Hood - Prince of Thieves (USA) (Rev 1)",0,
1914,RoboCop 2,Official,49,2,local,4,"RoboCop 2 (USA),RoboCop 2 (USA) (Rev 1)",2,"RoboCop 2 (USA),RoboCop 2 (USA) (Rev 1)",0,
1915,RoboCop 3,Official,23,1,local,2,RoboCop 3 (USA),1,RoboCop 3 (USA),0,
1917,RoboWarrior,Official,78,3,local,6,"Robo Warrior (Europe),Bomber King (Japan) (En),Robo Warrior (USA)",3,"Robo Warrior (Europe),Bomber King (Japan) (En),Robo Warrior (USA)",0,
1920,The Rocketeer,Official,29,1,local,2,"Rocketeer, The (USA)",1,"Rocketeer, The (USA)",0,
1921,Rockin' Kats,Official,31,1,local,2,Rockin' Kats (USA),1,Rockin' Kats (USA),0,
1923,Rollerball,Official,22,1,local,2,Rollerball (USA),1,Rollerball (USA),0,
1925,Rollergames,Official,33,2,local,4,"Rollergames (Europe),Rollergames (USA)",2,"Rollergames (Europe),Rollergames (USA)",0,
1926,Rolling Thunder,Official,48,2,local,4,"Rolling Thunder (USA) (Unl),Rolling Thunder (Japan)",2,"Rolling Thunder (USA) (Unl),Rolling Thunder (Japan)",0,
1929,Rush 'n Attack,Official,25,2,local,4,"Rush'n Attack (USA),Rush'n Attack (Europe)",2,"Rush'n Attack (USA),Rush'n Attack (Europe)",0,
1932,Section-Z,Official,44,1,local,2,Section-Z (USA),1,Section-Z (USA),0,
1933,Seicross,Official,19,2,local,4,"Seicross (USA),Seicross (Japan) (En)",2,"Seicross (USA),Seicross (Japan) (En)",0,
1934,Sesame Street: 123,Official,14,1,local,2,Sesame Street - 123 (USA),1,Sesame Street - 123 (USA),0,
1935,Sesame Street: ABC,Official,13,1,local,2,Sesame Street - ABC (USA),1,Sesame Street - ABC (USA),0,
1937,Sesame Street: Big Bird's Hide and Speak,Official,9,1,local,2,Sesame Street - Big Bird's Hide & Speak (USA),1,Sesame Street - Big Bird's Hide & Speak (USA),0,
1938,Sesame Street: Countdown,Official,30,1,local,2,Sesame Street - Countdown (USA),1,Sesame Street - Countdown (USA),0,
1940,Shatterhand,Official,53,2,local,4,"Shatterhand (USA),Shatterhand (Europe)",2,"Shatterhand (USA),Shatterhand (Europe)",0,
1943,Short Order + Eggsplode!,Official,20,1,local,2,Short Order + Eggsplode! (USA),1,Short Order + Eggsplode! (USA),0,
1944,Side Pocket,Official,48,2,local,4,"Side Pocket (Europe),Side Pocket (USA)",2,"Side Pocket (Europe),Side Pocket (USA)",0,
1945,Silent Service,Official,32,1,local,2,Silent Service (USA) (Rev 1),1,Silent Service (USA) (Rev 1),0,
1946,Silk Worm,Official,41,1,local,2,Silk Worm (USA),1,Silk Worm (USA),0,
1947,Silver Surfer,Official,30,1,local,2,Silver Surfer (USA),1,Silver Surfer (USA),0,
1949,The Simpsons: Bart vs. The World,Official,43,1,local,2,"Simpsons, The - Bart vs. the World (USA)",1,"Simpsons, The - Bart vs. the World (USA)",0,
1950,The Simpsons: Bartman Meets Radioactive Man,Official,39,1,local,2,"Simpsons, The - Bartman Meets Radioactive Man (USA)",1,"Simpsons, The - Bartman Meets Radioactive Man (USA)",0,
1951,Skate or Die 2: The Search For Double Trouble,Official,15,1,local,2,Skate or Die 2 - The Search for Double Trouble (USA),1,Skate or Die 2 - The Search for Double Trouble (USA),0,
1952,Skate or Die,Official,27,2,local,4,"Skate or Die (USA),Skate or Die (Europe)",2,"Skate or Die (USA),Skate or Die (Europe)",0,
1953,Ski or Die,Official,25,1,local,2,Ski or Die (USA),1,Ski or Die (USA),0,
1955,Sky Shark,Official,17,1,local,2,Sky Shark (USA),1,Sky Shark (USA),0,
1956,Slalom,Official,60,1,local,2,Slalom (USA),1,Slalom (USA),0,
1957,Smash T.V.,Official,25,1,local,2,Smash T.V. (USA),1,Smash T.V. (USA),0,
1958,Snake Rattle N Roll,Official,42,3,local,4,"Snake Rattle n Roll (USA),Snake Rattle n Roll (Europe)",2,"Snake Rattle n Roll (USA),Snake Rattle n Roll (Europe)",0,
1959,Snake's Revenge,Official,79,4,local,2,Snake's Revenge (USA),1,Snake's Revenge (USA),0,
1960,Snoopy's Silly Sports Spectacular,Official,9,2,local,4,"Donald Duck (Japan),Snoopy's Silly Sports Spectacular! (USA)",2,"Donald Duck (Japan),Snoopy's Silly Sports Spectacular! (USA)",0,
1961,Snow Bros.,Official,57,3,local,6,"Snow Brothers (USA),Snow Bros. (Japan),Snow Brothers (Europe)",3,"Snow Brothers (USA),Snow Bros. (Japan),Snow Brothers (Europe)",0,
1962,Soccer,Official,26,2,local,4,"Soccer (Europe),Soccer (Japan, USA) (En)",2,"Soccer (Europe),Soccer (Japan, USA) (En)",0,
1964,Solomon's Key,Official,35,1,local,2,Solomon's Key (USA),1,Solomon's Key (USA),0,
1965,Solstice: The Quest for the Staff of Demnos,Official,41,3,local,4,"Solstice - The Quest for the Staff of Demnos (Europe),Solstice - The Quest for the Staff of Demnos (USA)",2,"Solstice - The Quest for the Staff of Demnos (Europe),Solstice - The Quest for the Staff of Demnos (USA)",0,
1967,Space Shuttle Project,Official,35,1,local,2,Space Shuttle Project (USA),1,Space Shuttle Project (USA),0,
1968,Spelunker,Official,42,2,local,4,"Spelunker (USA),Spelunker (Japan)",2,"Spelunker (USA),Spelunker (Japan)",0,
1969,Spider-Man: Return of the Sinister Six,Official,15,1,local,2,Spider-Man - Return of the Sinister Six (USA),1,Spider-Man - Return of the Sinister Six (USA),0,
1970,Spot: The Video Game,Official,39,1,local,2,Spot - The Video Game (USA),1,Spot - The Video Game (USA),0,
1971,Spy Hunter,Official,13,1,local,2,Spy Hunter (USA),1,Spy Hunter (USA),0,
1973,Sqoon,Official,23,2,local,4,"Sqoon (Japan),Sqoon (USA)",2,"Sqoon (Japan),Sqoon (USA)",0,
1977,Star Force,Official,33,2,local,4,"Star Force (Europe),Star Force (USA)",2,"Star Force (Europe),Star Force (USA)",0,
1978,Star Soldier,Official,19,2,local,4,"Star Soldier (Japan),Star Soldier (USA)",2,"Star Soldier (Japan),Star Soldier (USA)",0,
1980,Star Trek: 25th Anniversary,Official,34,1,local,2,Star Trek - 25th Anniversary (USA),1,Star Trek - 25th Anniversary (USA),0,
1982,Star Wars,Official,36,1,local,2,Star Wars (USA),1,Star Wars (USA),0,
1984,StarTropics II: Zoda's Revenge,Official,31,1,local,2,Zoda's Revenge - StarTropics II (USA),1,Zoda's Revenge - StarTropics II (USA),0,
1985,StarTropics,Official,28,2,local,4,"StarTropics (Europe),StarTropics (USA)",2,"StarTropics (Europe),StarTropics (USA)",0,
1988,Strider,Official,25,1,local,2,Strider (USA),1,Strider (USA),0,
1989,Super C,Official,43,3,local,6,"Probotector II - Return of the Evil Forces (Europe),Super Contra (Japan),Super C (USA)",3,"Probotector II - Return of the Evil Forces (Europe),Super Contra (Japan),Super C (USA)",0,
1991,Super Dodge Ball,Official,22,1,local,2,Super Dodge Ball (USA),1,Super Dodge Ball (USA),0,
1994,Super Mario Bros. 2,Official,51,4,local,8,"Super Mario Bros. 2 (Europe),Super Mario Bros. 2 (USA) (Rev 1),Super Mario USA (Japan) (En),Super Mario Bros. 2 (USA)",4,"Super Mario Bros. 2 (Europe),Super Mario Bros. 2 (USA) (Rev 1),Super Mario USA (Japan) (En),Super Mario Bros. 2 (USA)",0,
1995,Super Mario Bros. 3,Official,89,3,local,6,"Super Mario Bros. 3 (USA) (Rev 1),Super Mario Bros. 3 (USA),Super Mario Bros. 3 (Europe)",3,"Super Mario Bros. 3 (USA) (Rev 1),Super Mario Bros. 3 (USA),Super Mario Bros. 3 (Europe)",0,
1996,Super Spike V'Ball,Official,19,2,local,4,"Super Spike V'Ball (USA),U.S. Championship V'Ball (Japan)",2,"Super Spike V'Ball (USA),U.S. Championship V'Ball (Japan)",0,
1997,Super Sprint,Official,16,1,local,2,Super Sprint (USA) (Unl),1,Super Sprint (USA) (Unl),0,
1998,Super Spy Hunter,Official,20,1,local,2,Super Spy Hunter (USA),1,Super Spy Hunter (USA),0,
2000,Superman,Official,32,1,local,2,Superman (USA) (Kemco),1,Superman (USA) (Kemco),0,
2001,Swamp Thing,Official,19,1,local,2,Swamp Thing (USA),1,Swamp Thing (USA),0,
2002,Sword Master,Official,17,3,local,6,"Sword Master (Europe),Sword Master (Japan),Sword Master (USA)",3,"Sword Master (Europe),Sword Master (Japan),Sword Master (USA)",0,
2003,Swords and Serpents,Official,46,1,local,2,Swords and Serpents (USA),1,Swords and Serpents (USA),0,
2004,Town & Country Surf Designs: Wood & Water Rage,Official,43,1,local,2,Town & Country Surf Designs - Wood & Water Rage (USA),1,Town & Country Surf Designs - Wood & Water Rage (USA),0,
2005,Town and Country Surf Designs: Thrilla's Surfari,Official,32,1,local,2,Town & Country Surf Designs - Thrilla's Surfari (USA),1,Town & Country Surf Designs - Thrilla's Surfari (USA),0,
2006,Taboo: The Sixth Sense,Official,26,2,local,4,"Taboo - The Sixth Sense (USA) (Rev 1),Taboo - The Sixth Sense (USA)",2,"Taboo - The Sixth Sense (USA) (Rev 1),Taboo - The Sixth Sense (USA)",0,
2008,Tag Team Wrestling,Official,47,1,local,2,Tag Team Wrestling (USA),1,Tag Team Wrestling (USA),0,
2009,TaleSpin,Official,40,2,local,4,"TaleSpin (USA),TaleSpin (Europe)",2,"TaleSpin (USA),TaleSpin (Europe)",0,
2010,Target: Renegade,Official,18,1,local,2,Target - Renegade (USA),1,Target - Renegade (USA),0,
2014,Tecmo Super Bowl,Official,130,1,local,2,Tecmo Super Bowl (USA),1,Tecmo Super Bowl (USA),0,
2016,Teenage Mutant Ninja Turtles,Official,24,3,local,2,Teenage Mutant Ninja Turtles (USA),1,Teenage Mutant Ninja Turtles (USA),0,
2017,Tennis,Official,19,3,local,6,"Tennis (Japan, USA) (En),Tennis (Europe),Tennis (Japan, USA) (En) (Animal Crossing)",3,"Tennis (Japan, USA) (En),Tennis (Europe),Tennis (Japan, USA) (En) (Animal Crossing)",0,
2018,Terminator 2: Judgment Day,Official,15,2,local,4,"Terminator 2 (Japan),Terminator 2 - Judgment Day (USA)",2,"Terminator 2 (Japan),Terminator 2 - Judgment Day (USA)",0,
2021,Tetris (BPS),Official,34,2,local,2,Tetris (Japan) (En) (Rev 2) (Bullet-Proof),1,Tetris (Japan) (En) (Rev 2) (Bullet-Proof),0,
2022,Tetris,Official,37,2,local,4,"Tetris (Europe),Tetris (USA)",2,"Tetris (Europe),Tetris (USA)",0,
2023,~Unlicensed~ Tetris (Tengen),Unlicensed,51,2,local,2,Tetris (USA) (Tengen) (Unl),1,Tetris (USA) (Tengen) (Unl),0,
2024,Tetris 2,Official,34,2,local,4,"Tetris 2 (USA),Tetris 2 (Europe)",2,"Tetris 2 (USA),Tetris 2 (Europe)",0,
2028,Time Lord,Official,35,1,local,2,Time Lord (USA),1,Time Lord (USA),0,
2031,Tiny Toon Adventures 2: Trouble in Wackyland,Official,17,2,local,4,"Tiny Toon Adventures 2 - Montana Land e Youkoso (Japan),Tiny Toon Adventures 2 - Trouble in Wackyland (USA)",2,"Tiny Toon Adventures 2 - Montana Land e Youkoso (Japan),Tiny Toon Adventures 2 - Trouble in Wackyland (USA)",0,
2032,Tiny Toon Adventures,Official,54,3,local,4,"Tiny Toon Adventures (USA),Tiny Toon Adventures (Japan)",2,"Tiny Toon Adventures (USA),Tiny Toon Adventures (Japan)",0,
2034,Toki,Official,8,1,local,2,Toki (USA),1,Toki (USA),0,
2035,Tom & Jerry: The Ultimate Game of Cat and Mouse!,Official,43,1,local,2,Tom & Jerry - The Ultimate Game of Cat and Mouse! (USA),1,Tom & Jerry - The Ultimate Game of Cat and Mouse! (USA),0,
2036,Tombs and Treasure,Official,19,1,local,2,Tombs & Treasure (USA),1,Tombs & Treasure (USA),0,
2037,~Unlicensed~ Toobin',Unlicensed,66,1,local,2,Toobin' (USA) (Unl),1,Toobin' (USA) (Unl),0,
2039,Top Gun,Official,16,4,local,8,"Top Gun (USA),Top Gun (USA) (Rev 1),Top Gun (Europe),Top Gun (Japan)",4,"Top Gun (USA),Top Gun (USA) (Rev 1),Top Gun (Europe),Top Gun (Japan)",0,
2040,Total Recall,Official,25,1,local,2,Total Recall (USA),1,Total Recall (USA),0,
2041,Totally Rad,Official,32,2,local,4,"Totally Rad (USA),Totally Rad (Europe)",2,"Totally Rad (USA),Totally Rad (Europe)",0,
2043,Toxic Crusaders,Official,34,1,local,2,Toxic Crusaders (USA),1,Toxic Crusaders (USA),0,
2044,Track & Field II,Official,42,3,local,6,"Track & Field II (USA) (Rev 1),Track & Field II (USA),Track & Field II (Europe)",3,"Track & Field II (USA) (Rev 1),Track & Field II (USA),Track & Field II (Europe)",0,
2045,Track & Field,Official,46,2,local,4,"Track & Field (USA),Track & Field in Barcelona (Europe)",2,"Track & Field (USA),Track & Field in Barcelona (Europe)",0,
2046,Treasure Master,Official,37,1,local,2,Treasure Master (USA),1,Treasure Master (USA),0,
2047,Trog,Official,16,1,local,2,Trog! (USA),1,Trog! (USA),0,
2048,Twin Cobra,Official,34,1,local,2,Twin Cobra (USA),1,Twin Cobra (USA),0,
2050,Ultima: Exodus,Official,70,3,local,4,"Ultima - Kyoufu no Exodus (Japan),Ultima - Exodus (USA)",2,"Ultima - Kyoufu no Exodus (Japan),Ultima - Exodus (USA)",0,
2051,Ultima: Quest of the Avatar,Official,90,1,local,2,Ultima - Quest of the Avatar (USA),1,Ultima - Quest of the Avatar (USA),0,
2052,Ultima: Warriors of Destiny,Official,86,1,local,2,Ultima - Warriors of Destiny (USA),1,Ultima - Warriors of Destiny (USA),0,
2056,Uninvited,Official,37,2,local,2,Uninvited (USA),1,Uninvited (USA),0,
2057,The Untouchables,Official,16,3,local,6,"Untouchables, The (USA) (Rev 1),Untouchables, The (USA),Untouchables, The (USA) (Rev 2)",3,"Untouchables, The (USA) (Rev 1),Untouchables, The (USA),Untouchables, The (USA) (Rev 2)",0,
2058,Urban Champion,Official,17,1,local,2,Urban Champion (World),1,Urban Champion (World),0,
2060,Vice: Project Doom,Official,23,1,local,2,Vice - Project Doom (USA),1,Vice - Project Doom (USA),0,
2061,Volleyball,Official,18,1,local,2,"Volleyball (USA, Europe)",1,"Volleyball (USA, Europe)",0,
2062,Wacky Races,Official,24,4,local,2,Wacky Races (USA),1,Wacky Races (USA),0,
2063,Wall Street Kid,Official,17,1,local,2,Wall Street Kid (USA),1,Wall Street Kid (USA),0,
2064,Wario's Woods,Official,50,1,local,2,Wario's Woods (USA),1,Wario's Woods (USA),0,
2067,WCW World Championship Wrestling,Official,45,1,local,2,WCW World Championship Wrestling (USA),1,WCW World Championship Wrestling (USA),0,
2068,Werewolf: The Last Warrior,Official,27,2,local,4,"Werewolf - The Last Warrior (Europe),Werewolf - The Last Warrior (USA)",2,"Werewolf - The Last Warrior (Europe),Werewolf - The Last Warrior (USA)",0,
2069,Wheel of Fortune: Family Edition,Official,26,1,local,2,Wheel of Fortune - Family Edition (USA),1,Wheel of Fortune - Family Edition (USA),0,
2070,Wheel of Fortune: Junior Edition,Official,15,1,local,2,Wheel of Fortune - Junior Edition (USA),1,Wheel of Fortune - Junior Edition (USA),0,
2071,Wheel of Fortune: Featuring Vanna White,Official,22,1,local,2,Wheel of Fortune Featuring Vanna White (USA),1,Wheel of Fortune Featuring Vanna White (USA),0,
2072,Where in Time is Carmen Sandiego?,Official,15,1,local,2,Where in Time Is Carmen Sandiego (USA),1,Where in Time Is Carmen Sandiego (USA),0,
2073,Where's Waldo?,Official,28,1,local,2,Where's Waldo (USA),1,Where's Waldo (USA),0,
2074,Who Framed Roger Rabbit,Official,33,1,local,2,Who Framed Roger Rabbit (USA),1,Who Framed Roger Rabbit (USA),0,
2075,Whomp 'Em,Official,32,1,local,2,Whomp 'Em (USA),1,Whomp 'Em (USA),0,
2076,Widget,Official,41,1,local,2,Widget (USA),1,Widget (USA),0,
2077,Wild Gunman,Official,39,2,local,4,"Wild Gunman (World) (Rev 1),Wild Gunman (Japan, USA) (En)",2,"Wild Gunman (World) (Rev 1),Wild Gunman (Japan, USA) (En)",0,
2078,Willow,Official,59,2,local,4,"Willow (Europe),Willow (USA)",2,"Willow (Europe),Willow (USA)",0,
2081,Wizardry: Proving Grounds of the Mad Overlord,Official,23,1,local,2,Wizardry - Proving Grounds of the Mad Overlord (USA),1,Wizardry - Proving Grounds of the Mad Overlord (USA),0,
2082,Wizardry: The Knight of Diamonds,Official,37,1,local,2,Wizardry - Knight of Diamonds - The Second Scenario (USA),1,Wizardry - Knight of Diamonds - The Second Scenario (USA),0,
2083,Ironsword: Wizards & Warriors II,Official,67,1,local,2,IronSword - Wizards & Warriors II (USA),1,IronSword - Wizards & Warriors II (USA),0,
2084,Wizards & Warriors III: Kuros... Visions of Power,Official,56,2,local,4,"Wizards & Warriors III - Kuros...Visions of Power (USA),Wizards & Warriors III - Kuros...Visions of Power (Europe)",2,"Wizards & Warriors III - Kuros...Visions of Power (USA),Wizards & Warriors III - Kuros...Visions of Power (Europe)",0,
2085,Wolverine,Official,11,1,local,2,Wolverine (USA),1,Wolverine (USA),0,
2087,World Class Track Meet,Official,11,2,local,4,"World Class Track Meet (USA) (Rev 1),World Class Track Meet (USA)",2,"World Class Track Meet (USA) (Rev 1),World Class Track Meet (USA)",0,
2089,Wrath of the Black Manta,Official,18,3,local,4,"Wrath of the Black Manta (USA) (Rev 1),Wrath of the Black Manta (USA)",2,"Wrath of the Black Manta (USA) (Rev 1),Wrath of the Black Manta (USA)",0,
2090,Wrecking Crew,Official,81,1,local,2,Wrecking Crew (World),1,Wrecking Crew (World),0,
2092,Wurm: Journey to the Center of the Earth,Official,27,2,local,4,"Chitei Senkuu Vazolder (Japan),Wurm - Journey to the Center of the Earth! (USA)",2,"Chitei Senkuu Vazolder (Japan),Wurm - Journey to the Center of the Earth! (USA)",0,
2093,WWF King of the Ring,Official,28,2,local,4,"WWF King of the Ring (USA),WWF King of the Ring (Europe)",2,"WWF King of the Ring (USA),WWF King of the Ring (Europe)",0,
2097,Xevious: The Avenger,Official,50,3,local,6,"Xevious (Japan) (En) (Rev 1),Xevious - The Avenger (USA),Xevious (Japan) (En)",3,"Xevious (Japan) (En) (Rev 1),Xevious - The Avenger (USA),Xevious (Japan) (En)",0,
2098,Xexyz,Official,42,2,local,4,"Xexyz (USA),Kame no Ongaeshi - Urashima Densetsu (Japan)",2,"Xexyz (USA),Kame no Ongaeshi - Urashima Densetsu (Japan)",0,
2099,Yo! Noid,Official,19,1,local,2,Yo! Noid (USA),1,Yo! Noid (USA),0,
2100,Yoshi,Official,28,1,local,2,Yoshi (USA),1,Yoshi (USA),0,
2101,Yoshi's Cookie,Official,43,3,local,6,"Yoshi's Cookie (Europe),Yoshi no Cookie (Japan),Yoshi's Cookie (USA)",3,"Yoshi's Cookie (Europe),Yoshi no Cookie (Japan),Yoshi's Cookie (USA)",0,
2102,The Young Indiana Jones Chronicles,Official,36,1,local,2,"Young Indiana Jones Chronicles, The (USA)",1,"Young Indiana Jones Chronicles, The (USA)",0,
2103,Zanac,Official,37,1,local,2,Zanac (USA),1,Zanac (USA),0,
2104,Zen: Intergalactic Ninja,Official,42,2,local,4,"Zen - Intergalactic Ninja (USA),Zen - Intergalactic Ninja (Europe)",2,"Zen - Intergalactic Ninja (USA),Zen - Intergalactic Ninja (Europe)",0,
2105,Zombie Nation,Official,30,1,local,2,Zombie Nation (USA),1,Zombie Nation (USA),0,
2108,~Homebrew~ Slow Mole,Homebrew,18,1,local,3,Slow Mole (World) (v1.2b) (Aftermarket) (Unl),1,Slow Mole (World) (v1.2b) (Aftermarket) (Unl),0,
2113,Teenage Mutant Ninja Turtles: Tournament Fighters,Official,57,2,local,4,"Teenage Mutant Ninja Turtles - Tournament Fighters (USA),Teenage Mutant Hero Turtles - Tournament Fighters (Europe)",2,"Teenage Mutant Ninja Turtles - Tournament Fighters (USA),Teenage Mutant Hero Turtles - Tournament Fighters (Europe)",0,
2114,Teenage Mutant Ninja Turtles II: The Arcade Game,Official,28,2,local,4,"Teenage Mutant Ninja Turtles II - The Arcade Game (USA),Teenage Mutant Hero Turtles II - The Arcade Game (Europe)",2,"Teenage Mutant Ninja Turtles II - The Arcade Game (USA),Teenage Mutant Hero Turtles II - The Arcade Game (Europe)",0,
2115,Teenage Mutant Ninja Turtles III: The Manhattan Project,Official,30,2,local,4,"Teenage Mutant Ninja Turtles 2 - The Manhattan Project (Japan),Teenage Mutant Ninja Turtles III - The Manhattan Project (USA)",2,"Teenage Mutant Ninja Turtles 2 - The Manhattan Project (Japan),Teenage Mutant Ninja Turtles III - The Manhattan Project (USA)",0,
2137,~Hack~ Final Fantasy VII: Advent Children,Hack,75,3,local,2,Final Fantasy 7 - Hexin Weiji (China) (Aftermarket) (Pirate),1,Final Fantasy 7 - Hexin Weiji (China) (Aftermarket) (Pirate),0,
2139,Gimmick!,Official,29,2,local,4,"Mr. Gimmick (Europe),Gimmick! (Japan) (En)",2,"Mr. Gimmick (Europe),Gimmick! (Japan) (En)",0,
2140,Splatterhouse: Wanpaku Graffiti,Official,20,2,local,2,Splatterhouse - Wanpaku Graffiti (Japan),1,Splatterhouse - Wanpaku Graffiti (Japan),0,
2142,Crisis Force,Official,31,2,local,2,Crisis Force (Japan) (En),1,Crisis Force (Japan) (En),0,
2175,Dig Dug,Official,30,1,local,2,Dig Dug (Japan) (En),1,Dig Dug (Japan) (En),0,
2200,Fantasy Zone,Official,24,1,local,2,Fantasy Zone (Japan) (En) (Sunsoft),1,Fantasy Zone (Japan) (En) (Sunsoft),0,
2208,Holy Diver,Official,29,3,local,2,Holy Diver (Japan) (En),1,Holy Diver (Japan) (En),0,
2221,Castlevania III: Dracula's Curse,Official,55,8,local,2,Castlevania III - Dracula's Curse (USA),1,Castlevania III - Dracula's Curse (USA),0,
2225,~Unlicensed~ Somari,Unlicensed,14,2,local,2,Somari (Asia) (En) (NT-616) (Pirate),1,Somari (Asia) (En) (NT-616) (Pirate),0,
2230,Sweet Home,Official,20,4,local,2,Sweet Home (Japan),1,Sweet Home (Japan),0,
2232,Captain Tsubasa,Official,24,2,local,2,Captain Tsubasa (Japan),1,Captain Tsubasa (Japan),0,
2238,Pin Bot,Official,40,2,local,4,"Pin Bot (Europe),Pin Bot (USA)",2,"Pin Bot (Europe),Pin Bot (USA)",0,
2248,Nuts & Milk,Official,10,1,local,2,Nuts & Milk (Japan) (En),1,Nuts & Milk (Japan) (En),0,
2250,~Unlicensed~ ~Prototype~ Hard Drivin',Unlicensed/Prototype,15,1,local,2,Hard Drivin' (USA) (Proto) (Unl),1,Hard Drivin' (USA) (Proto) (Unl),0,
2360,Bucky O'Hare,Official,24,4,local,6,"Bucky O'Hare (Japan),Bucky O'Hare (USA),Bucky O'Hare (Europe)",3,"Bucky O'Hare (Japan),Bucky O'Hare (USA),Bucky O'Hare (Europe)",0,
2361,~Unlicensed~ Action 52,Unlicensed,109,2,local,4,"Action 52 (USA) (Unl),Action 52 (USA) (Rev A) (Unl)",2,"Action 52 (USA) (Unl),Action 52 (USA) (Rev A) (Unl)",0,
2362,Championship Bowling,Official,16,2,local,4,"Championship Bowling (USA),Championship Bowling (Japan) (En)",2,"Championship Bowling (USA),Championship Bowling (Japan) (En)",0,
2406,~Unlicensed~ Dreamworld Pogie,Unlicensed,40,1,local,2,Dreamworld Pogie (World) (v1.1) (Aftermarket) (Unl),1,Dreamworld Pogie (World) (v1.1) (Aftermarket) (Unl),0,
2420,Battle City,Official,18,1,local,2,BattleCity (Japan) (En),1,BattleCity (Japan) (En),0,
2432,Gradius II,Official,18,1,local,2,Gradius II (Japan) (En),1,Gradius II (Japan) (En),0,
2444,Yie Ar Kung-Fu,Official,22,2,local,4,"Yie Ar Kung-Fu (Japan) (En) (Rev 1.4),Yie Ar Kung-Fu (Japan) (En) (Rev 1.2)",2,"Yie Ar Kung-Fu (Japan) (En) (Rev 1.4),Yie Ar Kung-Fu (Japan) (En) (Rev 1.2)",0,
2604,Nintendo World Championships 1990,Official,12,1,local,2,Nintendo World Championships 1990 (USA) (Competition Cart),1,Nintendo World Championships 1990 (USA) (Competition Cart),0,
2615,Ganbare Goemon Gaiden: Kieta Ougon Kiseru,Official,132,2,local,2,Ganbare Goemon Gaiden - Kieta Ougon Kiseru (Japan),1,Ganbare Goemon Gaiden - Kieta Ougon Kiseru (Japan),0,
2752,Kunio-kun no Nekketsu Soccer League,Official,36,4,local,2,Kunio-kun no Nekketsu Soccer League (Japan),1,Kunio-kun no Nekketsu Soccer League (Japan),0,
2863,Kid Dracula,Official,52,6,local,4,"Kid Dracula (World) (Castlevania Anniversary Collection),Akumajou Special - Boku Dracula-kun (Japan)",2,"Kid Dracula (World) (Castlevania Anniversary Collection),Akumajou Special - Boku Dracula-kun (Japan)",0,
2963,~Unlicensed~ Crystal Mines,Unlicensed,43,1,local,2,Crystal Mines (USA) (Unl),1,Crystal Mines (USA) (Unl),0,
3578,The Smurfs,Official,26,1,local,2,"Smurfs, The (Europe) (En,Fr,De,Es)",1,"Smurfs, The (Europe) (En,Fr,De,Es)",0,
3614,Galaxian,Official,20,3,local,4,"Galaxian (Japan) (En),Galaxian (Japan) (En) (Rev 1)",2,"Galaxian (Japan) (En),Galaxian (Japan) (En) (Rev 1)",0,
3682,Summer Carnival '92: Recca,Official,43,2,local,2,Summer Carnival '92 - Recca (Japan) (En),1,Summer Carnival '92 - Recca (Japan) (En),0,
3709,The Tower of Druaga,Official,74,1,local,2,Druaga no Tou (Japan),1,Druaga no Tou (Japan),0,
3710,Kai no Bouken: The Quest of Ki,Official,22,3,local,2,Ki no Bouken - The Quest of Ki (Japan),1,Ki no Bouken - The Quest of Ki (Japan),0,
3814,EarthBound Beginnings,Official,47,3,local,4,"Mother (Japan),Earth Bound (USA) (Proto)",2,"Mother (Japan),Earth Bound (USA) (Proto)",0,
3820,Mouryou Senki Madara,Official,155,2,local,2,Mouryou Senki Madara (Japan),1,Mouryou Senki Madara (Japan),0,
4030,Joy Mech Fight,Official,21,2,local,2,Joy Mech Fight (Japan),1,Joy Mech Fight (Japan),0,
4031,~Unlicensed~ 2-in-1: Donkey Kong Country 4 & The Jungle Book 2,Unlicensed,22,2,local,2,Donkey Kong Country 4 (Taiwan) (En) (Pirate),1,Donkey Kong Country 4 (Taiwan) (En) (Pirate),0,
4034,Elite,Official,39,1,local,2,"Elite (Europe) (En,Fr,De)",1,"Elite (Europe) (En,Fr,De)",0,
4035,~Unlicensed~ Shinobi,Unlicensed,20,1,local,2,Shinobi (USA) (Unl),1,Shinobi (USA) (Unl),0,
4036,Road Fighter,Official,61,2,local,4,"Road Fighter (Europe),Road Fighter (Japan) (En)",2,"Road Fighter (Europe),Road Fighter (Japan) (En)",0,
4051,Kero Kero Keroppi no Daibouken 2: Donuts Ike ha Oosawagi,Official,37,3,local,2,Kero Kero Keroppi no Daibouken 2 - Donuts Ike wa Oosawagi!! (Japan),1,Kero Kero Keroppi no Daibouken 2 - Donuts Ike wa Oosawagi!! (Japan),0,
4094,Antarctic Adventure,Official,20,4,local,4,"Kekkyoku Nankyoku Daibouken (Japan),Kekkyoku Nankyoku Daibouken (Japan) (Rev 1)",2,"Kekkyoku Nankyoku Daibouken (Japan),Kekkyoku Nankyoku Daibouken (Japan) (Rev 1)",0,
4105,Tatakae! Chou Robot Seimeitai Transformers: Convoy no Nazo,Official,27,2,local,4,"Transformers (USA) (NintendoAge) (Aftermarket) (Pirate),Tatakae! Chou Robot Seimeitai Transformers - Convoy no Nazo (Japan)",2,"Transformers (USA) (NintendoAge) (Aftermarket) (Pirate),Tatakae! Chou Robot Seimeitai Transformers - Convoy no Nazo (Japan)",0,
4122,~Homebrew~ MilioNESy,Homebrew,8,1,local,3,MilioNESy (World) (NESDev 2014) (Aftermarket) (Unl),1,MilioNESy (World) (NESDev 2014) (Aftermarket) (Unl),0,
4152,The Simpsons: Bart vs. the Space Mutants,Official,50,1,local,2,"Simpsons, The - Bart vs. the Space Mutants (USA) (Rev 1)",1,"Simpsons, The - Bart vs. the Space Mutants (USA) (Rev 1)",0,
4185,~Unlicensed~ Magic Jewelry,Unlicensed,25,1,nointro_db_only,0,,0,,1,Magic Jewelry (Taiwan) (En) (Unl)
4220,~Unlicensed~ Pyramid,Unlicensed,11,1,local,2,Pyramid (USA) (NINA-06) (Unl),1,Pyramid (USA) (NINA-06) (Unl),0,
4333,Higemaru Makaijima: Nanatsu no Shima Daibouken,Official,37,4,local,2,Higemaru - Makai-jima - Nanatsu no Shima Daibouken (Japan),1,Higemaru - Makai-jima - Nanatsu no Shima Daibouken (Japan),0,
4542,~Unlicensed~ Bubble Bath Babes,Unlicensed,15,1,local,2,Bubble Bath Babes (USA) (Unl),1,Bubble Bath Babes (USA) (Unl),0,
4543,~Unlicensed~ Captain Comic: The Adventure,Unlicensed,16,2,local,2,"Captain Comic - The Adventure (USA, Brazil) (En) (Unl)",1,"Captain Comic - The Adventure (USA, Brazil) (En) (Unl)",0,
4544,~Prototype~ Drac's Night Out,Prototype,23,1,local,2,Drac's Night Out (USA) (Proto),1,Drac's Night Out (USA) (Proto),0,
4545,The Adventures of Rocky and Bullwinkle and Friends,Official,15,1,local,2,"Adventures of Rocky and Bullwinkle and Friends, The (USA)",1,"Adventures of Rocky and Bullwinkle and Friends, The (USA)",0,
4546,Adventures of Tom Sawyer,Official,14,1,local,2,Adventures of Tom Sawyer (USA),1,Adventures of Tom Sawyer (USA),0,
4548,Alien Syndrome,Official,17,2,local,4,"Alien Syndrome (USA) (Unl),Alien Syndrome (Japan) (En)",2,"Alien Syndrome (USA) (Unl),Alien Syndrome (Japan) (En)",0,
4549,~Unlicensed~ Wally Bear and the NO! Gang,Unlicensed,22,1,local,2,Wally Bear and the No! Gang (USA) (Unl),1,Wally Bear and the No! Gang (USA) (Unl),0,
4551,~Homebrew~ Gotta Protectors: Amazon's Running Diet,Homebrew,34,2,local,4,"Gotta Protectors - Amazon's Running Diet (World) (Aftermarket) (Unl),Minnade Mamotte Knight - Amazon's Running Diet (World) (Ja) (Aftermarket) (Unl)",2,"Gotta Protectors - Amazon's Running Diet (World) (Aftermarket) (Unl),Minnade Mamotte Knight - Amazon's Running Diet (World) (Ja) (Aftermarket) (Unl)",0,
4552,~Unlicensed~ Baby Boomer,Unlicensed,29,1,local,2,Baby Boomer (USA) (Unl),1,Baby Boomer (USA) (Unl),0,
4557,Barbie,Official,24,1,local,2,Barbie (USA) (Rev 1),1,Barbie (USA) (Rev 1),0,
4559,Batman: Return of the Joker,Official,21,3,local,6,"Batman - Return of the Joker (Europe),Batman - Return of the Joker (USA),Dynamite Batman (Japan) (En)",3,"Batman - Return of the Joker (Europe),Batman - Return of the Joker (USA),Dynamite Batman (Japan) (En)",0,
4560,~Unlicensed~ Bee 52,Unlicensed,12,1,local,2,Bee 52 (USA) (Unl),1,Bee 52 (USA) (Unl),0,
4561,~Unlicensed~ Bible Buffet,Unlicensed,28,1,local,2,Bible Buffet (USA) (v6.0) (Unl),1,Bible Buffet (USA) (v6.0) (Unl),0,
4562,~Unlicensed~ Big Nose Freaks Out,Unlicensed,36,1,local,2,"Big Nose Freaks Out (USA, Europe) (Unl)",1,"Big Nose Freaks Out (USA, Europe) (Unl)",0,
4563,~Unlicensed~ Big Nose the Caveman,Unlicensed,51,1,local,2,Big Nose the Caveman (USA) (Unl),1,Big Nose the Caveman (USA) (Unl),0,
4565,~Unlicensed~ Peek-A-Boo Poker,Unlicensed,9,1,local,2,Peek-A-Boo Poker (USA) (Unl),1,Peek-A-Boo Poker (USA) (Unl),0,
4568,Bomberman,Official,48,2,local,4,"Bomberman (USA),Bomberman (Japan) (En)",2,"Bomberman (USA),Bomberman (Japan) (En)",0,
4569,~Unlicensed~ Hot Slots,Unlicensed,15,1,local,2,Hot Slots (USA) (Unl),1,Hot Slots (USA) (Unl),0,
4582,~Unlicensed~ Challenge of the Dragon,Unlicensed,22,1,local,2,Challenge of the Dragon (USA) (Color Dreams) (Unl),1,Challenge of the Dragon (USA) (Color Dreams) (Unl),0,
4583,~Unlicensed~ ~Prototype~ Cheetahmen II,Unlicensed/Prototype,21,1,unmatched,0,,0,,0,
4598,~Homebrew~ D-Pad Hero 2,Homebrew,24,1,local,2,D+Pad Hero II (USA) (Aftermarket) (Unl),1,D+Pad Hero II (USA) (Aftermarket) (Unl),0,
4599,~Homebrew~ D-Pad Hero,Homebrew,16,1,local,2,D+Pad Hero (USA) (v1.1) (Aftermarket) (Unl),1,D+Pad Hero (USA) (v1.1) (Aftermarket) (Unl),0,
4600,Deadly Towers,Official,52,1,local,2,Deadly Towers (USA),1,Deadly Towers (USA),0,
4605,~Unlicensed~ Dizzy the Adventurer,Unlicensed,18,3,local,4,"Dizzy the Adventurer (World) (Evercade) (Unl),Dizzy the Adventurer (USA) (Aladdin Compact Cartridge) (Unl)",2,"Dizzy the Adventurer (World) (Evercade) (Unl),Dizzy the Adventurer (USA) (Aladdin Compact Cartridge) (Unl)",0,
4612,Dragon Quest IV: Michibikareshi Monotachi,Official,43,3,local,6,"Dragon Quest IV - Michibikareshi Monotachi (Japan) (Rev 1),Dragon Quest IV - Michibikareshi Monotachi (Japan),Dragon Warrior IV (USA)",3,"Dragon Quest IV - Michibikareshi Monotachi (Japan) (Rev 1),Dragon Quest IV - Michibikareshi Monotachi (Japan),Dragon Warrior IV (USA)",0,
4616,~Unlicensed~ The Fantastic Adventures of Dizzy,Unlicensed,72,1,local,2,"Fantastic Adventures of Dizzy, The (USA) (Aladdin Compact Cartridge) (Unl)",1,"Fantastic Adventures of Dizzy, The (USA) (Aladdin Compact Cartridge) (Unl)",0,
4618,The Flintstones: The Surprise at Dinosaur Peak!,Official,45,1,local,2,"Flintstones, The - The Surprise at Dinosaur Peak! (USA)",1,"Flintstones, The - The Surprise at Dinosaur Peak! (USA)",0,
4622,Gumshoe,Official,29,1,local,2,"Gumshoe (USA, Europe)",1,"Gumshoe (USA, Europe)",0,
4623,High Speed,Official,32,1,local,2,High Speed (USA),1,High Speed (USA),0,
4627,Jack Nicklaus' Greatest 18 Holes of Major Championship Golf,Official,50,1,local,2,Jack Nicklaus' Greatest 18 Holes of Major Championship Golf (USA),1,Jack Nicklaus' Greatest 18 Holes of Major Championship Golf (USA),0,
4628,~Unlicensed~ Tagin' Dragon | Colorful Dragon,Unlicensed,8,1,local,2,Tagin' Dragon (USA) (Unl),1,Tagin' Dragon (USA) (Unl),0,
4629,Hello Kitty World,Official,38,6,local,2,Hello Kitty World (Japan),1,Hello Kitty World (Japan),0,
4630,Madoola no Tsubasa ,Official,39,2,local,2,Madoola no Tsubasa (Japan),1,Madoola no Tsubasa (Japan),0,
4641,Aussie Rules Footy,Official,25,1,local,2,Aussie Rules Footy (Australia),1,Aussie Rules Footy (Australia),0,
4649,~Homebrew~ Witch n' Wiz,Homebrew,31,1,local,2,,0,,0,
4650,~Homebrew~ Zooming Secretary,Homebrew,27,1,local,2,Zooming Secretary (World) (v1.02) (Aftermarket) (Unl),1,Zooming Secretary (World) (v1.02) (Aftermarket) (Unl),0,
4651,"~Homebrew~ Sack of Flour, Heart of Gold",Homebrew,15,1,local,3,Sack of Flour - Heart of Gold (World) (Aftermarket) (Unl),0,,1,Sack of Flour - Heart of Gold (World) (Aftermarket) (Unl)
4653,~Homebrew~ SplatooD,Homebrew,16,1,local,3,SplatooD (World) (v1.0.6) (Aftermarket) (Unl),1,SplatooD (World) (v1.0.6) (Aftermarket) (Unl),0,
4658,Moon Crystal,Official,32,3,local,2,Moon Crystal (Japan),1,Moon Crystal (Japan),0,
4680,Pizza Pop!,Official,9,2,local,2,Pizza Pop! (Japan),1,Pizza Pop! (Japan),0,
4681,Spartan X 2,Official,15,2,local,2,Spartan X 2 (Japan),1,Spartan X 2 (Japan),0,
4687,Time Zone,Official,21,3,local,2,Time Zone (Japan),1,Time Zone (Japan),0,
4694,Bio Miracle: Bokutte Upa,Official,40,1,local,2,Bio Miracle Bokutte Upa (Japan) (En),1,Bio Miracle Bokutte Upa (Japan) (En),0,
4705,Ys: Ancient Ys Vanished,Official,32,2,local,2,Ys (Japan),1,Ys (Japan),0,
4720,Shadow of the Ninja,Official,44,1,local,2,Shadow of the Ninja (USA),1,Shadow of the Ninja (USA),0,
4754,Karateka,Official,20,1,local,2,Karateka (Japan) (En),1,Karateka (Japan) (En),0,
4755,Gomoku Narabe Renju,Official,6,1,local,2,Gomoku Narabe Renju (Japan),1,Gomoku Narabe Renju (Japan),0,
4756,Mappy,Official,35,2,local,2,Mappy (Japan) (En),1,Mappy (Japan) (En),0,
4757,Mahjong,Official,8,5,local,4,"Mahjong (Japan) (Rev 1),Mahjong (Japan) (Rev 2)",2,"Mahjong (Japan) (Rev 1),Mahjong (Japan) (Rev 2)",0,
4759,Devil World,Official,14,1,local,2,Devil World (Japan) (Rev 1),1,Devil World (Japan) (Rev 1),0,
4761,Challenger,Official,15,1,local,2,Challenger (Japan) (En),1,Challenger (Japan) (En),0,
4762,Popeye no Eigo Asobi,Official,19,2,local,2,Popeye no Eigo Asobi (Japan),1,Popeye no Eigo Asobi (Japan),0,
4763,Route-16 Turbo,Official,33,2,local,2,Route-16 Turbo (Japan) (En),1,Route-16 Turbo (Japan) (En),0,
4764,Astro Robo SASA,Official,23,1,local,2,Astro Robo Sasa (Japan) (En),1,Astro Robo Sasa (Japan) (En),0,
4765,4 Nin Uchi Mahjong,Official,24,2,local,4,"4 Nin Uchi Mahjong (Japan),4 Nin Uchi Mahjong (Japan) (Rev 1)",2,"4 Nin Uchi Mahjong (Japan),4 Nin Uchi Mahjong (Japan) (Rev 1)",0,
4766,Field Combat,Official,15,1,local,2,Field Combat (Japan) (En),1,Field Combat (Japan) (En),0,
4767,F-1 Race,Official,43,1,local,2,F1 Race (Japan) (En),1,F1 Race (Japan) (En),0,
4770,Warpman,Official,20,1,local,2,Warpman (Japan) (En),1,Warpman (Japan) (En),0,
4771,Door Door,Official,14,1,local,2,Door Door (Japan) (En),1,Door Door (Japan) (En),0,
4774,Space Invaders,Official,19,1,local,2,Space Invaders (Japan),1,Space Invaders (Japan),0,
4778,Pooyan,Official,19,1,local,2,Pooyan (Japan) (En),1,Pooyan (Japan) (En),0,
4779,Super Arabian,Official,47,1,local,2,Super Arabian (Japan) (En),1,Super Arabian (Japan) (En),0,
4788,Zippy Race,Official,21,1,local,2,Zippy Race (Japan),1,Zippy Race (Japan),0,
4789,Portopia Renzoku Satsujin Jiken,Official,59,3,local,2,Portopia Renzoku Satsujin Jiken (Japan),1,Portopia Renzoku Satsujin Jiken (Japan),0,
4791,Front Line,Official,16,1,local,2,Front Line (Japan) (En),1,Front Line (Japan) (En),0,
4792,Atlantis no Nazo,Official,35,2,local,2,Atlantis no Nazo (Japan) (En),1,Atlantis no Nazo (Japan) (En),0,
4793,Ikki,Official,20,1,local,2,Ikki (Japan) (En),1,Ikki (Japan) (En),0,
4794,Sky Destroyer,Official,9,1,local,2,Sky Destroyer (Japan),1,Sky Destroyer (Japan),0,
4803,Ninja JaJaMaru-kun,Official,29,3,local,7,"Ninja JaJaMaru-kun (USA, Europe) (Ninja JaJaMaru Retro Collection) (Switch),Ninja Jajamaru-kun (Japan),Ninja Jajamaru-kun (World) (Ja) (Virtual Console, Switch Online)",3,"Ninja JaJaMaru-kun (USA, Europe) (Ninja JaJaMaru Retro Collection) (Switch),Ninja Jajamaru-kun (Japan),Ninja Jajamaru-kun (World) (Ja) (Virtual Console, Switch Online)",0,
4804,TwinBee,Official,23,1,local,2,TwinBee (Japan) (En),1,TwinBee (Japan) (En),0,
4805,Pac-Land,Official,28,1,local,2,Pac-Land (Japan),1,Pac-Land (Japan),0,
4808,Binary Land,Official,89,1,local,2,Binary Land (Japan) (En),1,Binary Land (Japan) (En),0,
4812,Circus Charlie,Official,16,2,local,2,Circus Charlie (Japan) (En),1,Circus Charlie (Japan) (En),0,
4815,Choujikuu Yousai: Macross,Official,12,1,local,2,Choujikuu Yousai - Macross (Japan) (En),1,Choujikuu Yousai - Macross (Japan) (En),0,
4816,Zunou Senkan Galg,Official,27,1,local,2,Zunou Senkan Galg (Japan) (En),1,Zunou Senkan Galg (Japan) (En),0,
4818,Spy vs. Spy,Official,29,3,local,6,"Spy vs Spy (USA),Spy vs Spy (Europe),Spy vs Spy (Japan)",3,"Spy vs Spy (USA),Spy vs Spy (Europe),Spy vs Spy (Japan)",0,
4819,B-Wings,Official,48,1,local,2,B-Wings (Japan) (En),1,B-Wings (Japan) (En),0,
4820,Chou Fuyuu Yousai Exed Exes,Official,19,1,local,2,Chou Fuyuu Yousai - Exed Exes (Japan) (En),1,Chou Fuyuu Yousai - Exed Exes (Japan) (En),0,
4823,Choplifter,Official,21,1,local,2,Choplifter (Japan) (En) (Rev 1),1,Choplifter (Japan) (En) (Rev 1),0,
4824,Ninja Hattori Kun,Official,35,2,local,2,Ninja Hattori-kun - Ninja wa Syugyou de Gozaru no Maki (Japan),1,Ninja Hattori-kun - Ninja wa Syugyou de Gozaru no Maki (Japan),0,
4827,Hokuto no Ken,Official,13,1,local,2,Hokuto no Ken (Japan),1,Hokuto no Ken (Japan),0,
4828,Penguin-kun Wars,Official,21,1,local,2,Penguin-kun Wars (Japan),1,Penguin-kun Wars (Japan),0,
4829,Kyatto Ninden Teyandee,Official,66,4,local,2,Cat Ninden Teyandee (Japan),1,Cat Ninden Teyandee (Japan),0,
4838,Obake no Q Tarou: Wanwan Panic,Official,23,2,local,2,Obake no Q Tarou - Wanwan Panic (Japan) (En),1,Obake no Q Tarou - Wanwan Panic (Japan) (En),0,
4839,Kanshakudama Nage Kantarou no Toukaidou Gojuusan Tsugi,Official,27,2,local,2,Kanshakudama Nage Kantarou no Toukaidou Gojuusan Tsugi (Japan),1,Kanshakudama Nage Kantarou no Toukaidou Gojuusan Tsugi (Japan),0,
4840,Urusei Yatsura: Lum no Wedding Bell,Official,31,2,local,2,Urusei Yatsura - Lum no Wedding Bell (Japan),1,Urusei Yatsura - Lum no Wedding Bell (Japan),0,
4841,R.B.I. Baseball,Official,44,2,local,4,"R.B.I. Baseball (USA) (Unl),R.B.I. Baseball (USA)",2,"R.B.I. Baseball (USA) (Unl),R.B.I. Baseball (USA)",0,
4846,Takeshi no Chousenjou,Official,46,3,local,4,"Takeshi no Chousenjou (Japan),Takeshi no Chousenjou (Japan) (Virtual Console)",2,"Takeshi no Chousenjou (Japan),Takeshi no Chousenjou (Japan) (Virtual Console)",0,
4847,Ganbare Goemon! Karakuri Douchuu,Official,40,1,local,2,Ganbare Goemon! - Karakuri Douchuu (Japan),1,Ganbare Goemon! - Karakuri Douchuu (Japan),0,
4851,~Homebrew~ Lala the Magical,Homebrew,10,1,local,2,Lala the Magical (World) (Aftermarket) (Unl),1,Lala the Magical (World) (Aftermarket) (Unl),0,
4858,Doraemon,Official,21,3,local,4,Doraemon (Japan),1,Doraemon (Japan),1,Doraemon (Japan)
4861,Crackout,Official,14,2,local,5,"Crackout (Europe),Crackout (USA) (Proto) (PAL)",2,"Crackout (Europe),Crackout (USA) (Proto) (PAL)",0,
4865,Metro-Cross,Official,16,2,local,5,"Metro-Cross (Japan),Metro-Cross (Japan) (Namcot Collection)",2,"Metro-Cross (Japan),Metro-Cross (Japan) (Namcot Collection)",0,
4866,Dragon Ball Z III: Ressen Jinzou Ningen,Official,43,3,local,2,Dragon Ball Z III - Ressen Jinzou Ningen (Japan),1,Dragon Ball Z III - Ressen Jinzou Ningen (Japan),0,
4867,King Kong 2: Ikari no Megaton Punch,Official,28,1,local,2,King Kong 2 - Ikari no Megaton Punch (Japan),1,King Kong 2 - Ikari no Megaton Punch (Japan),0,
4869,Layla,Official,32,1,local,2,Layla (Japan),1,Layla (Japan),0,
4876,Hi no Tori Hououhen: Gaou no Bouken,Official,49,3,local,2,Hi no Tori - Houou Hen - Gaou no Bouken (Japan),1,Hi no Tori - Houou Hen - Gaou no Bouken (Japan),0,
4902,~Homebrew~ Böbl | Bobl,Homebrew,12,1,local,2,Bobl (World) (v1.2) (itch.io) (Aftermarket) (Unl),1,Bobl (World) (v1.2) (itch.io) (Aftermarket) (Unl),0,
4953,~Unlicensed~ Quattro Adventure,Unlicensed,114,2,local,2,Quattro Adventure (USA) (Unl),1,Quattro Adventure (USA) (Unl),1,Quattro Adventure (USA) (Unl)
4961,Kyatto Ninden Teyandee [Subset - Bonus],Official,25,1,unmatched,0,,0,,0,
4966,Heracles no Eikou: Toujin Makyou Den,Official,28,2,unmatched,0,,0,,0,
4986,Mitsume ga Tooru,Official,36,2,local,2,Mitsume ga Tooru (Japan),1,Mitsume ga Tooru (Japan),0,
4990,Zombie Hunter,Official,48,2,local,2,Zombie Hunter (Japan),1,Zombie Hunter (Japan),0,
4992,~Hack~ Zelda: The Legend of Link,Hack,41,1,unmatched,0,,0,,0,
4993,~Hack~ Zelda Challenge: Outlands,Hack,28,1,unmatched,0,,0,,0,
4994,~Hack~ Mario Adventure,Hack,36,1,unmatched,0,,0,,0,
5001,Kaiketsu Yanchamaru 3: Taiketsu! Zouringen,Official,32,3,local,2,Kaiketsu Yanchamaru 3 - Taiketsu! Zouringen (Japan),1,Kaiketsu Yanchamaru 3 - Taiketsu! Zouringen (Japan),0,
5003,Batsu and Terii: Makyou no Tetsujin Race,Official,27,3,local,4,"Batsu & Terry - Makyou no Tetsujin Race (Russia) (Pirate),Batsu & Terry - Makyou no Tetsujin Race (Japan) (En)",2,"Batsu & Terry - Makyou no Tetsujin Race (Russia) (Pirate),Batsu & Terry - Makyou no Tetsujin Race (Japan) (En)",0,
5005,~Unlicensed~ Street Fighter IV,Unlicensed,63,1,local,2,Kuai Da Chuanshuo - Street Fighter IV (Taiwan) (En) (Unl),1,Kuai Da Chuanshuo - Street Fighter IV (Taiwan) (En) (Unl),0,
5051,Hebereke,Official,44,4,local,4,"Hebereke (Japan),Ufouria - The Saga (Europe)",2,"Hebereke (Japan),Ufouria - The Saga (Europe)",0,
5060,Gargoyle's Quest II: The Demon Darkness,Official,23,2,local,4,"Gargoyle's Quest II (Europe),Gargoyle's Quest II (USA)",2,"Gargoyle's Quest II (Europe),Gargoyle's Quest II (USA)",0,
5073,~Homebrew~ Blade Buster,Homebrew,16,1,local,2,Blade Buster (Japan) (En) (v1.1) (Aftermarket) (Unl),1,Blade Buster (Japan) (En) (v1.1) (Aftermarket) (Unl),0,
5083,~Unlicensed~ Micro Machines,Unlicensed,26,1,local,2,Micro Machines (USA) (v1.1) (Unl),1,Micro Machines (USA) (v1.1) (Unl),0,
5090,~Homebrew~ Battle Kid: Fortress of Peril,Homebrew,25,1,local,2,Battle Kid - Fortress of Peril (USA) (v1.100) (Aftermarket) (Unl),1,Battle Kid - Fortress of Peril (USA) (v1.100) (Aftermarket) (Unl),0,
5091,Hokuto no Ken 2: Seikimatsu Kyuuseishu Densetsu,Official,40,2,local,2,Hokuto no Ken 2 (Japan),1,Hokuto no Ken 2 (Japan),0,
5097,Spelunker II: Yuushahe no Chousen,Official,50,2,local,2,Spelunker II - Yuusha e no Chousen (Japan),1,Spelunker II - Yuusha e no Chousen (Japan),0,
5102,Legendary Wings,Official,24,2,local,2,Legendary Wings (USA),1,Legendary Wings (USA),0,
5107,Kid Niki: Radical Ninja,Official,21,3,local,6,"Kid Niki - Radical Ninja (USA),Kid Niki - Radical Ninja (USA) (Rev 1),Kaiketsu Yanchamaru (Japan)",3,"Kid Niki - Radical Ninja (USA),Kid Niki - Radical Ninja (USA) (Rev 1),Kaiketsu Yanchamaru (Japan)",0,
5136,Castlevania II: Simon's Quest [Subset - Bonus],Official,19,1,unmatched,0,,0,,0,
5140,Hoshi wo Miru Hito,Official,14,6,local,2,Hoshi o Miru Hito (Japan),1,Hoshi o Miru Hito (Japan),0,
5142,Romancia,Official,35,2,local,2,Romancia (Japan),1,Romancia (Japan),0,
5144,Lupin III: Pandora no Isan,Official,50,3,local,2,Lupin Sansei - Pandora no Isan (Japan),1,Lupin Sansei - Pandora no Isan (Japan),0,
5152,Dragon Scroll,Official,36,2,local,2,Dragon Scroll - Yomigaerishi Maryuu (Japan),1,Dragon Scroll - Yomigaerishi Maryuu (Japan),0,
5168,Attack Animal Gakuen,Official,20,2,local,2,Attack Animal Gakuen (Japan) (En) (Famicom 3D System),1,Attack Animal Gakuen (Japan) (En) (Famicom 3D System),0,
5169,Family Trainer 8: Totsugeki! Fuuun Takeshi Jou,Official,12,1,unmatched,0,,0,,0,
5172,Dragon Ball: Shen Long no Nazo,Official,19,2,local,2,Dragon Ball - Shen Long no Nazo (Japan),1,Dragon Ball - Shen Long no Nazo (Japan),0,
5173,~Homebrew~ Falling,Homebrew,9,1,local,2,Falling (World) (Aftermarket) (Unl),1,Falling (World) (Aftermarket) (Unl),0,
5175,~Hack~ Mother: 25th Anniversary Edition,Hack,85,2,unmatched,0,,0,,0,
5186,~Prototype~ Exerion II,Prototype,21,1,local,3,Exerion II (USA) (NintendoAge) (Aftermarket) (Pirate),1,Exerion II (USA) (NintendoAge) (Aftermarket) (Pirate),0,
5191,Konami Wai Wai World,Official,29,4,local,2,Konami Wai Wai World (Japan),1,Konami Wai Wai World (Japan),0,
5196,Ripple Island,Official,34,2,local,2,Ripple Island (Japan),1,Ripple Island (Japan),0,
5197,~Unlicensed~ Street Fighter III,Unlicensed,30,1,local,2,Street Fighter III (Asia) (En) (9 Fighters) (Pirate),1,Street Fighter III (Asia) (En) (9 Fighters) (Pirate),0,
5198,Donald Land,Official,25,1,local,2,Donald Land (Japan) (En),1,Donald Land (Japan) (En),0,
5202,Wai Wai World 2: SOS!! Paseri Jou,Official,27,2,local,2,Wai Wai World 2 - SOS!! Parsley Jou (Japan),1,Wai Wai World 2 - SOS!! Parsley Jou (Japan),0,
5218,Over Horizon,Official,14,2,local,4,"Over Horizon (Japan) (En),Over Horizon (Europe)",2,"Over Horizon (Japan) (En),Over Horizon (Europe)",0,
5236,Fire Emblem: Shadow Dragon and the Blade of Light,Official,107,3,local,2,Fire Emblem - Ankoku Ryuu to Hikari no Tsurugi (Japan),1,Fire Emblem - Ankoku Ryuu to Hikari no Tsurugi (Japan),0,
5241,Yume Penguin Monogatari,Official,41,2,local,2,Yume Penguin Monogatari (Japan),1,Yume Penguin Monogatari (Japan),0,
5242,~Hack~ Rockman Cross X,Hack,41,1,unmatched,0,,0,,0,
5249,Lagrange Point,Official,72,2,local,2,Lagrange Point (Japan),1,Lagrange Point (Japan),0,
5256,~Homebrew~ Yun,Homebrew,30,1,local,3,Yun (World) (v1.4) (Aftermarket) (Unl),1,Yun (World) (v1.4) (Aftermarket) (Unl),0,
5279,Arkanoid II,Official,33,1,local,2,Arkanoid II (Japan) (En),1,Arkanoid II (Japan) (En),0,
5288,~Hack~ Extra Mario Bros.,Hack,31,2,unmatched,0,,0,,0,
5299,~Hack~ Super Mario Bros. 3Mix,Hack,27,2,unmatched,0,,0,,0,
5300,Cocoron,Official,27,2,local,2,Cocoron (Japan),1,Cocoron (Japan),0,
5303,~Hack~ The Legend of Zelda: Winter Solstice,Hack,47,1,unmatched,0,,0,,0,
5319,Starship Hector | Hector '87,Official,20,1,local,2,Hector '87 (Japan) (En),1,Hector '87 (Japan) (En),0,
5333,~Unlicensed~ Master Chu and the Drunkard Hu,Unlicensed,20,2,local,4,"Master Chu and the Drunkard Hu (USA) (Unl),Master Chu and the Drunkard Hu (Asia) (En) (72 pin cart) (Unl)",2,"Master Chu and the Drunkard Hu (USA) (Unl),Master Chu and the Drunkard Hu (Asia) (En) (72 pin cart) (Unl)",0,
5346,~Prototype~ Bio Force Ape,Prototype,9,1,local,2,Bio Force Ape (Japan) (En) (Proto),1,Bio Force Ape (Japan) (En) (Proto),0,
5347,~Unlicensed~ The Super Shinobi,Unlicensed,12,1,local,2,"Super Shinobi, The (Asia) (En) (Ka Sheng) (Pirate)",1,"Super Shinobi, The (Asia) (En) (Ka Sheng) (Pirate)",0,
5350,Rescue: The Embassy Mission,Official,39,1,local,2,Rescue - The Embassy Mission (USA),1,Rescue - The Embassy Mission (USA),0,
5352,Rod Land,Official,42,1,local,2,Rodland (Europe),1,Rodland (Europe),0,
5375,~Unlicensed~ ~Prototype~ The Escape from Atlantis,Unlicensed/Prototype,7,1,local,2,"Escape from Atlantis, The (USA) (Proto 2) (Unl)",1,"Escape from Atlantis, The (USA) (Proto 2) (Unl)",0,
5382,~Unlicensed~ Magic Carpet 1001,Unlicensed,12,1,local,2,Magic Carpet 1001 (USA) (Unl),1,Magic Carpet 1001 (USA) (Unl),0,
5402,~Prototype~ SimCity,Prototype,50,1,local,2,SimCity (USA) (Proto),1,SimCity (USA) (Proto),0,
5403,Metal Max,Official,64,3,local,2,Metal Max (Japan),1,Metal Max (Japan),0,
5408,Cosmo Police Galivan,Official,52,1,unmatched,0,,0,,0,
5431,Fire Emblem Gaiden,Official,47,3,local,2,Fire Emblem Gaiden (Japan),1,Fire Emblem Gaiden (Japan),0,
5438,Don Doko Don 2,Official,20,2,local,2,Don Doko Don 2 (Japan),1,Don Doko Don 2 (Japan),0,
5468,Wheel of Fortune,Official,12,1,local,2,Wheel of Fortune (USA),1,Wheel of Fortune (USA),0,
5473,Parodius,Official,42,3,local,4,"Parodius Da! (Japan),Parodius (Europe)",2,"Parodius Da! (Japan),Parodius (Europe)",0,
5526,~Unlicensed~ Plants vs. Zombies,Unlicensed,14,1,local,2,,0,,1,Plants vs. Zombies (China) (En) (Aftermarket) (Pirate)
5527,Final Fantasy II,Official,64,10,local,4,"Final Fantasy II (Japan),Final Fantasy II (USA) (Proto)",2,"Final Fantasy II (Japan),Final Fantasy II (USA) (Proto)",0,
5533,Famicom Wars,Official,98,6,local,4,"Famicom Wars (Japan) (Virtual Console),Famicom Wars (Japan)",2,"Famicom Wars (Japan) (Virtual Console),Famicom Wars (Japan)",0,
5536,Mad City,Official,66,4,local,2,Mad City (Japan),1,Mad City (Japan),0,
5539,Dragon Ball: Daimao Fukkatsu,Official,41,2,local,2,Dragon Ball - Daimaou Fukkatsu (Japan),1,Dragon Ball - Daimaou Fukkatsu (Japan),0,
5553,Final Fantasy III,Official,90,10,local,2,Final Fantasy III (Japan),1,Final Fantasy III (Japan),0,
5575,~Unlicensed~ Toy Story,Unlicensed,16,1,local,2,Toy Story (Taiwan) (En) (Pirate),1,Toy Story (Taiwan) (En) (Pirate),0,
5576,Erika to Satoru no Yume Bouken,Official,19,2,local,2,Erika to Satoru no Yume Bouken (Japan),1,Erika to Satoru no Yume Bouken (Japan),0,
5582,Final Fantasy [Subset - Solo Class],Official,144,1,unmatched,0,,0,,0,
5590,Yume Penguin Monogatari [Subset - Bonus],Official,23,1,unmatched,0,,0,,0,
5593,~Homebrew~ Pinky Xmas,Homebrew,15,1,local,4,Pinky Xmas (World) (Aftermarket) (Unl),1,Pinky Xmas (World) (Aftermarket) (Unl),0,
5608,~Hack~ Tower RE,Hack,11,1,unmatched,0,,0,,0,
5667,Dragon Ball Z: Kyoushuu! Saiyajin,Official,44,3,local,2,Dragon Ball Z - Kyoushuu! Saiya Jin (Japan),1,Dragon Ball Z - Kyoushuu! Saiya Jin (Japan),0,
5678,~Hack~ Rockman no Constancy,Hack,60,3,unmatched,0,,0,,0,
5759,~Hack~ Rockman 2: Basic Master,Hack,56,2,unmatched,0,,0,,0,
5777,~Unlicensed~ Lei Dian Huang: Bikaqiu Chuanshuo,Unlicensed,55,2,local,2,Leidian Huang - Pikachu Chuanshuo (China) (Aftermarket) (Pirate),1,Leidian Huang - Pikachu Chuanshuo (China) (Aftermarket) (Pirate),0,
5783,Akumajou Densetsu,Official,80,3,local,2,Akumajou Densetsu (Japan),1,Akumajou Densetsu (Japan),0,
5784,~Unlicensed~ Aladdin (Hummer Team),Unlicensed,38,2,local,4,"Aladdin (Taiwan) (En) (Hummer Team) (Pirate),Aladdin (Asia) (En) (Hummer Team) (A-N7) (Pirate)",2,"Aladdin (Taiwan) (En) (Hummer Team) (Pirate),Aladdin (Asia) (En) (Hummer Team) (A-N7) (Pirate)",0,
5785,Alien 3,Official,28,2,local,4,"Alien 3 (Europe),Alien 3 (USA)",2,"Alien 3 (Europe),Alien 3 (USA)",0,
5787,Robocco Wars,Official,34,2,local,2,Robocco Wars (Japan),1,Robocco Wars (Japan),0,
5790,Astérix,Official,61,1,local,2,"Asterix (Europe) (En,Fr,De,Es,It)",1,"Asterix (Europe) (En,Fr,De,Es,It)",0,
5795,Banana Prince,Official,81,5,local,4,"Banana Prince (Germany),Bananan Ouji no Daibouken (Japan)",2,"Banana Prince (Germany),Bananan Ouji no Daibouken (Japan)",0,
5799,~Hack~ Angry Birds,Hack,15,1,unmatched,0,,0,,0,
5801,~Homebrew~ Spacegulls,Homebrew,12,2,local,2,Spacegulls (World) (v1.1) (Aftermarket) (Unl),1,Spacegulls (World) (v1.1) (Aftermarket) (Unl),0,
5804,~Homebrew~ Underground Adventure,Homebrew,6,1,local,3,Underground Adventure (World) (Demo 3) (Aftermarket) (Unl),1,Underground Adventure (World) (Demo 3) (Aftermarket) (Unl),0,
5808,Choujin Sentai Jetman,Official,35,2,local,2,Choujin Sentai - Jetman (Japan) (En),1,Choujin Sentai - Jetman (Japan) (En),0,
5815,Daiku no Gen-san 2,Official,46,1,local,2,Daiku no Gen-san 2 - Akage no Dan no Gyakushuu (Japan),1,Daiku no Gen-san 2 - Akage no Dan no Gyakushuu (Japan),0,
5821,Downtown Special: Kunio-kun no Jidaigeki da yo Zenin Shugo!,Official,51,2,local,2,Downtown Special - Kunio-kun no Jidaigeki Da yo Zenin Shuugou! (Japan),1,Downtown Special - Kunio-kun no Jidaigeki Da yo Zenin Shuugou! (Japan),0,
5830,Crayon Shin-chan: Ora to Poi Poi,Official,27,1,local,2,Crayon Shin-chan - Ora to Poi Poi (Japan),1,Crayon Shin-chan - Ora to Poi Poi (Japan),0,
5836,S.C.A.T.: Special Cybernetic Attack Team,Official,26,1,local,2,S.C.A.T. - Special Cybernetic Attack Team (USA),1,S.C.A.T. - Special Cybernetic Attack Team (USA),0,
5844,Garfield no Isshuukan: A Week of Garfield,Official,20,1,local,2,Garfield no Isshukan (Japan) (En),1,Garfield no Isshukan (Japan) (En),0,
5925,Klax,Official,44,2,local,4,"Klax (Japan),Klax (USA) (Unl)",2,"Klax (Japan),Klax (USA) (Unl)",0,
5944,Majou Densetsu II: Daimashikyou Galious,Official,59,3,local,2,Majou Densetsu II - Daimashikyou Galious (Japan),1,Majou Densetsu II - Daimashikyou Galious (Japan),0,
5948,Contra [Subset - Bonus],Official,11,1,unmatched,0,,0,,0,
5949,Ys II: Ancient Ys Vanished - The Final Chapter,Official,73,1,unmatched,0,,0,,0,
5950,Ys III: Wanderers From Ys,Official,41,1,unmatched,0,,0,,0,
5992,~Hack~ The Guardian Legend Secret Edition,Hack,106,1,unmatched,0,,0,,0,
6036,~Homebrew~ Euchre,Homebrew,12,1,local,2,Euchre (World) (v1.1) (Aftermarket) (Unl),1,Euchre (World) (v1.1) (Aftermarket) (Unl),0,
6070,~Homebrew~ 2048,Homebrew,12,1,local,2,2048 (World) (Aftermarket) (Unl),1,2048 (World) (Aftermarket) (Unl),0,
6096,~Unlicensed~ Kart Fighter,Unlicensed,30,1,local,2,Kart Fighter (Asia) (En) (K-F1) (Pirate),1,Kart Fighter (Asia) (En) (K-F1) (Pirate),0,
6119,Akira,Official,13,3,local,2,Akira (Japan),1,Akira (Japan),0,
6147,~Unlicensed~ Linus Spacehead's Cosmic Crusade,Unlicensed,56,1,local,2,"Linus Spacehead's Cosmic Crusade (USA) (En,Fr,De,Es) (Unl)",1,"Linus Spacehead's Cosmic Crusade (USA) (En,Fr,De,Es) (Unl)",0,
6178,~Homebrew~ Mine Shaft,Homebrew,6,1,local,2,Mine Shaft (World) (Aftermarket) (Unl),1,Mine Shaft (World) (Aftermarket) (Unl),0,
6214,Dragon Ball Z II: Gekishin Freeza!!,Official,57,4,local,4,"Dragon Ball Z II - Gekishin Freeza!! (Japan) (Rev 1),Dragon Ball Z II - Gekishin Freeza!! (Japan)",2,"Dragon Ball Z II - Gekishin Freeza!! (Japan) (Rev 1),Dragon Ball Z II - Gekishin Freeza!! (Japan)",0,
6215,New Ghostbusters II,Official,40,3,local,4,"New Ghostbusters II (Japan) (En),New Ghostbusters II (Europe)",2,"New Ghostbusters II (Japan) (En),New Ghostbusters II (Europe)",0,
6254,Kamen no Ninja: Hanamaru,Official,30,1,local,2,Kamen no Ninja - Hanamaru (Japan),1,Kamen no Ninja - Hanamaru (Japan),0,
6258,~Unlicensed~ Chrono Trigger: The Wheel of Time,Unlicensed,22,2,local,2,Chrono Trigger - Shikong Zhi Lun (China) (Pirate),1,Chrono Trigger - Shikong Zhi Lun (China) (Pirate),0,
6262,Flying Hero,Official,38,1,local,2,Flying Hero (Japan) (En),1,Flying Hero (Japan) (En),0,
6281,Wizardry II: Legacy of Llylgamyn,Official,39,1,local,2,Wizardry II - Llylgamyn no Isan (Japan),1,Wizardry II - Llylgamyn no Isan (Japan),0,
6295,Jesus: Kyoufu no Bio Monster,Official,12,1,unmatched,0,,0,,0,
6324,Hello Kitty no Ohanabatake,Official,44,1,local,2,Hello Kitty no Ohanabatake (Japan),1,Hello Kitty no Ohanabatake (Japan),0,
6370,Ninja Cop Saizou,Official,20,1,local,2,Ninja Cop Saizou (Japan),1,Ninja Cop Saizou (Japan),0,
6380,~Hack~ Castlevania: Chorus of Mysteries,Hack,39,2,unmatched,0,,0,,0,
6392,~Hack~ Vegetable Valley Nightmare,Hack,26,1,unmatched,0,,0,,0,
6394,Hammerin' Harry,Official,38,2,local,4,"Hammerin' Harry (Europe),Daiku no Gen-san (Japan)",2,"Hammerin' Harry (Europe),Daiku no Gen-san (Japan)",0,
6398,~Homebrew~ Sir Ababol Remastered,Homebrew,10,1,local,2,Sir Ababol (World) (Remastered) (Aftermarket) (Unl),1,Sir Ababol (World) (Remastered) (Aftermarket) (Unl),0,
6421,Doki! Doki! Yuuenchi: Crazy Land Daisakusen [Subset - Bonus],Official,20,1,unmatched,0,,0,,0,
6422,Doki! Doki! Yuuenchi: Crazy Land Daisakusen,Official,40,3,local,2,Doki! Doki! Yuuenchi - Crazy Land Daisakusen (Japan) (En),1,Doki! Doki! Yuuenchi - Crazy Land Daisakusen (Japan) (En),0,
6423,Ike Ike! Nekketsu Hockey-bu: Subette Koronde Dai Rantou,Official,45,9,local,2,Ike Ike! Nekketsu Hockey-bu - Subette Koronde Dairantou (Japan),1,Ike Ike! Nekketsu Hockey-bu - Subette Koronde Dairantou (Japan),0,
6425,Ninja JaJaMaru: Operation Milky Way,Official,33,2,local,2,Ninja Jajamaru - Ginga Daisakusen (Japan),1,Ninja Jajamaru - Ginga Daisakusen (Japan),0,
6428,Taiyou no Yuusha Fighbird,Official,21,3,local,2,Taiyou no Yuusha - Fighbird (Japan),1,Taiyou no Yuusha - Fighbird (Japan),0,
6429,Takahashi Meijin no Bouken Jima IV,Official,36,3,local,2,Takahashi Meijin no Bouken-jima IV (Japan),1,Takahashi Meijin no Bouken-jima IV (Japan),0,
6729,Mega Man [Subset - Bonus],Official,47,1,unmatched,0,,0,,0,
6741,Idol Hakkenden,Official,19,3,local,2,Idol Hakkenden (Japan),1,Idol Hakkenden (Japan),0,
6746,TwinBee 3: Poko Poko Dai Maou,Official,40,1,local,2,TwinBee 3 - Poko Poko Daimaou (Japan),1,TwinBee 3 - Poko Poko Daimaou (Japan),0,
6762,Hokuto no Ken 3: Shinseiki Souzou Seiken Retsuden,Official,58,3,local,2,Hokuto no Ken 3 - Shin Seiki Souzou Seiken Retsuden (Japan),1,Hokuto no Ken 3 - Shin Seiki Souzou Seiken Retsuden (Japan),0,
6764,~Homebrew~ Driar,Homebrew,20,1,local,2,Driar (World) (PAL) (Aftermarket) (Unl),1,Driar (World) (PAL) (Aftermarket) (Unl),0,
6832,~Prototype~ Time Diver Eon Man,Prototype,28,1,local,2,Time Diver - Eon Man (USA) (Proto),1,Time Diver - Eon Man (USA) (Proto),0,
6836,Contra [Subset - Multiplayer],Official,50,1,unmatched,0,,0,,0,
6857,Flipull: An Exciting Cube Game,Official,41,2,local,4,"Flipull - An Exciting Cube Game (Japan) (En),Flipull - An Exciting Cube Game (Japan) (En) (Rev 1)",2,"Flipull - An Exciting Cube Game (Japan) (En),Flipull - An Exciting Cube Game (Japan) (En) (Rev 1)",0,
6869,~Unlicensed~ Solitaire,Unlicensed,4,1,local,2,Solitaire (USA) (Unl),1,Solitaire (USA) (Unl),0,
6900,Mega Man 2 [Subset - Glitch Showcase],Official,21,1,unmatched,0,,0,,0,
6908,Mappy Kids,Official,28,2,local,2,Mappy Kids (Japan),1,Mappy Kids (Japan),0,
6974,~Unlicensed~ Street Fighter II,Unlicensed,27,1,local,2,Street Fighter II (Taiwan) (En) (Invincibility) (Pirate),1,Street Fighter II (Taiwan) (En) (Invincibility) (Pirate),0,
7004,Kung-Fu Heroes,Official,36,1,local,2,Kung-Fu Heroes (USA),1,Kung-Fu Heroes (USA),0,
7012,Mottomo Abunai Deka,Official,14,2,local,2,Mottomo Abunai Deka (Japan),1,Mottomo Abunai Deka (Japan),0,
7013,~Unlicensed~ Bible Adventures,Unlicensed,33,1,local,2,Bible Adventures (USA) (v1.4) (Unl),1,Bible Adventures (USA) (v1.4) (Unl),0,
7057,Moai Kun,Official,35,3,local,2,Moai-kun (Japan),1,Moai-kun (Japan),0,
7131,~Hack~ Zelda II: Life is Meaningless,Hack,16,1,unmatched,0,,0,,0,
7161,Radia Senki: Reimei Hen,Official,55,2,local,2,Radia Senki - Reimei Hen (Japan),1,Radia Senki - Reimei Hen (Japan),0,
7169,Power Soccer,Official,10,1,local,2,Power Soccer (Japan),1,Power Soccer (Japan),0,
7201,The Lion King,Official,26,1,local,2,"Lion King, The (Europe)",1,"Lion King, The (Europe)",0,
7228,Digital Devil Story: Megami Tensei II,Official,39,4,local,4,"Digital Devil Story - Megami Tensei II (Japan) (Rev 1),Digital Devil Story - Megami Tensei II (Japan)",2,"Digital Devil Story - Megami Tensei II (Japan) (Rev 1),Digital Devil Story - Megami Tensei II (Japan)",0,
7241,~Homebrew~ Cheril in the Cave,Homebrew,7,2,local,4,"Cheril in the Cave (World) (En) (Aftermarket) (Unl),Cheril in the Cave (World) (Es) (Aftermarket) (Unl)",2,"Cheril in the Cave (World) (En) (Aftermarket) (Unl),Cheril in the Cave (World) (Es) (Aftermarket) (Unl)",0,
7242,~Hack~ Rockman 4: Minus Infinity,Hack,66,6,unmatched,0,,0,,0,
7247,~Homebrew~ Project Blue,Homebrew,28,12,local,12,,0,,0,
7248,~Homebrew~ Battle Kid 2: Mountain of Torment,Homebrew,35,1,local,3,Battle Kid 2 - Mountain of Torment (USA) (V1.000) (Aftermarket) (Unl),1,Battle Kid 2 - Mountain of Torment (USA) (V1.000) (Aftermarket) (Unl),0,
7260,~Homebrew~ PROTO DERE .NES,Homebrew,10,4,local,8,"PROTO DERE .NES (World) (v1.3) (Aftermarket) (Unl),PROTO DERE .NES (World) (v1.1) (Aftermarket) (Unl),PROTO DERE .NES (World) (Aftermarket) (Unl),PROTO DERE .NES (World) (v1.2) (Aftermarket) (Unl)",4,"PROTO DERE .NES (World) (v1.3) (Aftermarket) (Unl),PROTO DERE .NES (World) (v1.1) (Aftermarket) (Unl),PROTO DERE .NES (World) (Aftermarket) (Unl),PROTO DERE .NES (World) (v1.2) (Aftermarket) (Unl)",0,
7264,~Unlicensed~ Sidewinder,Unlicensed,11,1,local,2,Sidewinder (Australia) (Unl),1,Sidewinder (Australia) (Unl),0,
7277,~Unlicensed~ The Legend of Zelda: Link's Awakening | Feng Yin Dao,Unlicensed,20,1,local,2,Dongfang de Chuanshuo Zhi Fengyin Dao (China) (Aftermarket) (Pirate),1,Dongfang de Chuanshuo Zhi Fengyin Dao (China) (Aftermarket) (Pirate),0,
7309,Ninja JaJaMaru: The Legend of the Golden Castle,Official,34,2,local,2,Jajamaru Gekimaden - Maboroshi no Kinmajou (Japan),1,Jajamaru Gekimaden - Maboroshi no Kinmajou (Japan),0,
7352,~Unlicensed~ Brush Roller,Unlicensed,13,1,local,2,Brush Roller (Taiwan) (En) (Unl),1,Brush Roller (Taiwan) (En) (Unl),0,
7513,Parallel World,Official,26,1,local,2,Parallel World (Japan),1,Parallel World (Japan),0,
7519,~Hack~ Mega Man Ultra,Hack,42,1,unmatched,0,,0,,0,
7520,~Homebrew~ Streemerz,Homebrew,15,1,local,2,Streemerz (World) (En) (v1.1) (Aftermarket) (Unl),1,Streemerz (World) (En) (v1.1) (Aftermarket) (Unl),0,
7522,SD Gundam Gaiden: Knight Gundam Monogatari,Official,52,1,unmatched,0,,0,,0,
7528,Shanghai II,Official,30,1,local,2,Shanghai II (Japan),1,Shanghai II (Japan),0,
7588,Insector X,Official,16,2,local,2,Insector X (Japan),1,Insector X (Japan),0,
7611,~Homebrew~ The Tower of Turmoil,Homebrew,20,1,local,3,"Tower of Turmoil, The (World) (v1.03) (Aftermarket) (Unl)",1,"Tower of Turmoil, The (World) (v1.03) (Aftermarket) (Unl)",0,
7652,Shufflepuck Cafe,Official,20,2,local,2,Shufflepuck Cafe (Japan),1,Shufflepuck Cafe (Japan),0,
7665,Last Armageddon,Official,28,2,local,2,Last Armageddon (Japan),1,Last Armageddon (Japan),0,
7699,Tecmo World Cup Soccer,Official,46,1,local,2,Tecmo World Cup Soccer (Japan),1,Tecmo World Cup Soccer (Japan),0,
7716,~Hack~ Rockman 3: Claw,Hack,166,1,unmatched,0,,0,,0,
7726,Makaimura,Official,13,1,local,2,Makaimura (Japan) (En),1,Makaimura (Japan) (En),0,
7737,Paris-Dakar Rally Special,Official,44,3,local,2,Paris-Dakar Rally Special (Japan),1,Paris-Dakar Rally Special (Japan),0,
7793,Perman: Enban wo Torikaese!!,Official,52,2,local,2,Perman (Japan),1,Perman (Japan),0,
7889,Jumpin' Kid: Jack to Mame no Ki Monogatari,Official,64,1,local,2,Jumpin' Kid - Jack to Mame no Ki Monogatari (Japan) (En),1,Jumpin' Kid - Jack to Mame no Ki Monogatari (Japan) (En),0,
7923,Dai Kaijuu Deburas,Official,41,3,local,2,Daikaijuu Deburas (Japan),1,Daikaijuu Deburas (Japan),0,
7924,~Hack~ Final Fantasy ++,Hack,26,1,unmatched,0,,0,,0,
7932,Musashi no Bouken,Official,54,2,local,2,Musashi no Bouken (Japan),1,Musashi no Bouken (Japan),0,
8011,~Unlicensed~ Super Mario World,Unlicensed,24,1,local,2,Super Mario World (Asia) (En) (Pirate),1,Super Mario World (Asia) (En) (Pirate),0,
8036,~Hack~ Mega Man 4: Voyage,Hack,63,1,unmatched,0,,0,,0,
8090,Mini-Putt,Official,20,1,local,2,Mini-Putt (Japan),1,Mini-Putt (Japan),0,
8092,Digital Devil Story: Megami Tensei,Official,37,3,local,2,Digital Devil Story - Megami Tensei (Japan),1,Digital Devil Story - Megami Tensei (Japan),0,
8105,Niji no Silk Road,Official,81,2,local,2,Niji no Silk Road (Japan),1,Niji no Silk Road (Japan),0,
8115,Grand Master,Official,49,2,local,2,Grand Master (Japan),1,Grand Master (Japan),0,
8156,Magical Taruruuto-kun: Fantastic World!!,Official,84,1,local,2,Magical Taruruuto-kun - Fantastic World!! (Japan),1,Magical Taruruuto-kun - Fantastic World!! (Japan),0,
8157,Itadaki Street: Watashi no Omise ni Yottette,Official,27,2,local,2,Itadaki Street - Watashi no Omise ni Yottette (Japan),1,Itadaki Street - Watashi no Omise ni Yottette (Japan),0,
8158,Shadow Brain,Official,30,2,local,2,Shadow Brain (Japan),1,Shadow Brain (Japan),0,
8170,~Homebrew~ Alter Ego,Homebrew,31,1,local,2,Alter Ego (World) (Beta) (Aftermarket) (Unl),1,Alter Ego (World) (Beta) (Aftermarket) (Unl),0,
8180,~Homebrew~ Chase,Homebrew,6,1,local,2,Chase (World) (v1.2) (Aftermarket) (Unl),1,Chase (World) (v1.2) (Aftermarket) (Unl),0,
8356,~Homebrew~ Filthy Kitchen,Homebrew,16,1,local,2,Filthy Kitchen (World) (v1.1) (Aftermarket) (Unl),1,Filthy Kitchen (World) (v1.1) (Aftermarket) (Unl),0,
8414,~Hack~ Bowser's Jumping Challenge,Hack,13,1,unmatched,0,,0,,0,
8420,Saint Seiya: Ougon Densetsu Kanketsu Hen,Official,27,2,local,2,Saint Seiya - Ougon Densetsu Kanketsu Hen (Japan),1,Saint Seiya - Ougon Densetsu Kanketsu Hen (Japan),0,
8493,~Hack~ My Little Pony: Dr. Discord's Conquest,Hack,32,1,unmatched,0,,0,,0,
8494,~Unlicensed~ Pac-Mania,Unlicensed,36,1,local,2,Pac-Mania (USA) (Unl),1,Pac-Mania (USA) (Unl),0,
8541,Puyo Puyo,Official,61,2,local,2,Puyo Puyo (Japan),1,Puyo Puyo (Japan),0,
8617,~Test Kit~ NES Control Deck Test Cartridge,Test Kit,10,1,local,2,Nintendo World Class Service - Control Deck Test Cartridge (USA) (Test Program),1,Nintendo World Class Service - Control Deck Test Cartridge (USA) (Test Program),0,
8620,~Unlicensed~ Spiritual Warfare,Unlicensed,35,3,local,6,"Spiritual Warfare (USA) (v6.0) (Unl),Spiritual Warfare (USA) (v6.1) (Unl),Spiritual Warfare (USA) (v5.1) (Unl)",3,"Spiritual Warfare (USA) (v6.0) (Unl),Spiritual Warfare (USA) (v6.1) (Unl),Spiritual Warfare (USA) (v5.1) (Unl)",0,
8631,~Unlicensed~ Robodemons,Unlicensed,10,1,local,2,Robodemons (USA) (Unl),1,Robodemons (USA) (Unl),0,
8654,~Unlicensed~ Titenic,Unlicensed,14,1,local,2,Titenic (Asia) (En) (Unl),1,Titenic (Asia) (En) (Unl),0,
8723,~Hack~ Rockman Gaiden,Hack,38,2,unmatched,0,,0,,0,
8751,~Hack~ Rockman: Claw,Hack,46,1,unmatched,0,,0,,0,
8754,~Unlicensed~ Microsoft Windows 98,Unlicensed,20,1,unmatched,0,,0,,0,
8810,~Hack~ Mega Man CX,Hack,94,4,unmatched,0,,0,,0,
8933,~Hack~ Rockman L,Hack,52,2,unmatched,0,,0,,0,
8964,~Prototype~ Star Trek V: The Final Frontier,Prototype,12,1,local,2,Star Trek V - The Final Frontier (USA) (Proto),1,Star Trek V - The Final Frontier (USA) (Proto),0,
8991,Double Moon Densetsu,Official,38,2,local,2,Double Moon Densetsu (Japan),1,Double Moon Densetsu (Japan),0,
9112,~Hack~ Toadette's Christmas Adventure,Hack,21,1,unmatched,0,,0,,0,
9113,~Hack~ Toad's Christmas Adventure,Hack,16,1,unmatched,0,,0,,0,
9167,Pyokotan no Dai Meiro,Official,50,2,local,2,Pyokotan no Daimeiro (Japan),1,Pyokotan no Daimeiro (Japan),0,
9380,Kyouryuu Sentai Zyuranger,Official,36,5,local,2,Kyouryuu Sentai Zyuranger (Japan),1,Kyouryuu Sentai Zyuranger (Japan),0,
9476,~Unlicensed~ The Legend of Zelda: The Minish Cap | Shen Qi De Mao Zi,Unlicensed,19,3,local,6,"Menghuan Shalou (China) (Aftermarket) (Pirate),Legend of Zelda - The Minish Cap (World) (Aftermarket) (Pirate),Zelda Chuanshuo - Shenqi de Maozi (China) (Aftermarket) (Pirate)",3,"Menghuan Shalou (China) (Aftermarket) (Pirate),Legend of Zelda - The Minish Cap (World) (Aftermarket) (Pirate),Zelda Chuanshuo - Shenqi de Maozi (China) (Aftermarket) (Pirate)",0,
9521,Perman Part 2: Himitsu Kessha Madoodan o Taose!,Official,27,2,local,2,Perman Part 2 - Himitsu Kessha Madoodan o Taose! (Japan),1,Perman Part 2 - Himitsu Kessha Madoodan o Taose! (Japan),0,
9523,~Homebrew~ Astro Ninja Man,Homebrew,22,1,local,2,,0,,0,
9597,~Hack~ Metroid: Rogue Dawn,Hack,72,2,unmatched,0,,0,,0,
9613,~Unlicensed~ Little Red Hood,Unlicensed,20,2,local,4,"Little Red Hood (Europe) (Unl),Little Red Hood - Xiao Hong Mao (Taiwan) (En) (Unl)",2,"Little Red Hood (Europe) (Unl),Little Red Hood - Xiao Hong Mao (Taiwan) (En) (Unl)",0,
9642,~Homebrew~ Super Tilt Bro.,Homebrew,17,1,local,3,Super Tilt Bro. (World) (v2.1) (UxROM) (Aftermarket) (Unl),1,Super Tilt Bro. (World) (v2.1) (UxROM) (Aftermarket) (Unl),0,
9645,Mashin Eiyuuden Wataru Gaiden,Official,30,2,local,2,Mashin Eiyuuden Wataru Gaiden (Japan),1,Mashin Eiyuuden Wataru Gaiden (Japan),0,
9899,~Hack~ Rockman: Claw 2,Hack,58,2,unmatched,0,,0,,0,
9904,~Hack~ Super Mario Unlimited: Deluxe,Hack,30,1,unmatched,0,,0,,0,
9924,Magical Doropie,Official,23,2,local,2,Magical Kid's Doropie (Japan),1,Magical Kid's Doropie (Japan),0,
9972,~Unlicensed~ Honey Peach,Unlicensed,8,2,local,2,Honey Peach (Taiwan) (En) (Unl),1,Honey Peach (Taiwan) (En) (Unl),1,Honey Peach (Taiwan) (En) (Unl)
10183,~Unlicensed~ Mortal Kombat II (Hummer Team),Unlicensed,23,3,local,6,"Mortal Kombat II (Asia) (En) (Hummer Team) (Blue Version) (Pirate),Mortal Kombat II (Asia) (En) (Hummer Team) (M-O9) (Pirate),Mortal Kombat II (Taiwan) (En) (Hummer Team) (Pirate)",3,"Mortal Kombat II (Asia) (En) (Hummer Team) (Blue Version) (Pirate),Mortal Kombat II (Asia) (En) (Hummer Team) (M-O9) (Pirate),Mortal Kombat II (Taiwan) (En) (Hummer Team) (Pirate)",0,
10195,~Unlicensed~ Mortal Kombat II Special,Unlicensed,24,9,local,4,"Mortal Kombat 3 - Special 56 Peoples (Taiwan) (En) (JY-074) (Pirate),Mortal Kombat II Special (Taiwan) (En) (Pirate)",2,"Mortal Kombat 3 - Special 56 Peoples (Taiwan) (En) (JY-074) (Pirate),Mortal Kombat II Special (Taiwan) (En) (Pirate)",0,
10311,Zelda II: The Adventure of Link [Subset - Level-1 Runs],Official,51,1,unmatched,0,,0,,0,
10349,~Hack~ Super Mario Bros. Special: 35th Anniversary Edition,Hack,61,1,unmatched,0,,0,,0,
10354,Super Turrican,Official,26,1,local,2,Super Turrican (Europe),1,Super Turrican (Europe),0,
10361,~Unlicensed~ Krazy Kreatures,Unlicensed,37,2,local,4,"Krazy Kreatures (USA) (NINA-03) (Unl),Krazy Kreatures (USA) (NINA-06) (Unl)",2,"Krazy Kreatures (USA) (NINA-03) (Unl),Krazy Kreatures (USA) (NINA-06) (Unl)",0,
10388,~Unlicensed~ Wonderland Dizzy,Unlicensed,38,1,local,3,"Wonderland Dizzy (World) (En,Fr,Es,Nl,Pt,Pl) (Unl)",1,"Wonderland Dizzy (World) (En,Fr,Es,Nl,Pt,Pl) (Unl)",0,
10389,~Unlicensed~ Mystery World Dizzy,Unlicensed,38,1,local,2,"Mystery World Dizzy (World) (En,Pt,Pl) (Digital) (Aftermarket) (Unl)",1,"Mystery World Dizzy (World) (En,Pt,Pl) (Digital) (Aftermarket) (Unl)",0,
10400,Ultraman Club: Kaijuu Daikessen!!,Official,26,1,local,2,Ultraman Club - Kaijuu Daikessen!! (Japan),1,Ultraman Club - Kaijuu Daikessen!! (Japan),0,
10401,~Hack~ The Legend of Banjo,Hack,72,1,unmatched,0,,0,,0,
10403,Puzslot,Official,19,1,local,2,Puzslot (Japan),1,Puzslot (Japan),0,
10404,Nakajima Satoru: F-1 Hero,Official,18,1,local,2,Nakajima Satoru - F-1 Hero (Japan),1,Nakajima Satoru - F-1 Hero (Japan),0,
10413,Pachinko Daisakusen,Official,20,2,local,2,Pachinko Daisakusen (Japan),1,Pachinko Daisakusen (Japan),0,
11062,~Hack~ Hoshi wo Miru Hito: Bad Ebuna Patch 2,Hack,23,2,unmatched,0,,0,,0,
11075,~Hack~ Rockman 2: Gray Zone,Hack,56,2,unmatched,0,,0,,0,
11076,~Prototype~ Thomas the Tank Engine & Friends,Prototype,21,1,local,2,Thomas the Tank Engine & Friends (USA) (Proto),1,Thomas the Tank Engine & Friends (USA) (Proto),0,
11079,~Homebrew~ Jet-Paco: Hyper Special Space Agent!,Homebrew,9,1,local,2,,0,,1,Jet-Paco - Hyper Special Space Agent!! (World) (Digital) (Aftermarket) (Unl)
11114,Final Mission,Official,22,1,local,2,Final Mission (Japan),1,Final Mission (Japan),0,
11118,~Hack~ Chocobo Kwehst,Hack,19,1,unmatched,0,,0,,0,
11142,~Homebrew~ Indivisible,Homebrew,13,1,local,2,Indivisible (World) (Aftermarket) (Unl),1,Indivisible (World) (Aftermarket) (Unl),0,
11655,~Hack~ Castlevania: The Holy Relics,Hack,96,1,unmatched,0,,0,,0,
11689,~Hack~ Zelda II: The Nightmare of Ganon,Hack,51,1,unmatched,0,,0,,0,
11831,~Homebrew~ Gruniożerca 2: The Great Cavy Rescue!,Homebrew,28,2,local,4,"Gruniozerca 2 (World) (En,Pl) (Rev 1) (NESDev 2017) (Aftermarket) (Unl),Gruniozerca 2 - The Great Cavy Rescue! (World) (En,Pl) (Aftermarket) (Unl)",2,"Gruniozerca 2 (World) (En,Pl) (Rev 1) (NESDev 2017) (Aftermarket) (Unl),Gruniozerca 2 - The Great Cavy Rescue! (World) (En,Pl) (Aftermarket) (Unl)",0,
11833,~Homebrew~ ~Demo~ Super Bat Puncher,Homebrew/Demo,22,1,local,2,Super Bat Puncher (World) (En) (Demo) (Aftermarket) (Unl),1,Super Bat Puncher (World) (En) (Demo) (Aftermarket) (Unl),0,
11838,~Hack~ Super Mario Bros. 3: Xmas Edition,Hack,23,1,unmatched,0,,0,,0,
12726,~Unlicensed~ Metal Force,Unlicensed,27,1,local,2,Metal Force (Korea) (En) (Unl),1,Metal Force (Korea) (En) (Unl),0,
12727,~Unlicensed~ Koko Adventure,Unlicensed,21,1,local,2,Koko Adventure (Korea) (En) (Unl),1,Koko Adventure (Korea) (En) (Unl),0,
12749,~Prototype~ Bugs Bunny Birthday Bash,Prototype,23,1,local,2,Bugs Bunny Birthday Bash (USA) (Beta),1,Bugs Bunny Birthday Bash (USA) (Beta),0,
12810,~Hack~ Mega Man V: Second Strike - Protoman Edition,Hack,39,1,unmatched,0,,0,,0,
12819,~Homebrew~ Lawn Mower,Homebrew,21,2,local,4,"Lawn Mower (World) (NESDev 2011) (Aftermarket) (Unl),Lawn Mower (World) (v1.12) (Aftermarket) (Unl)",2,"Lawn Mower (World) (NESDev 2011) (Aftermarket) (Unl),Lawn Mower (World) (v1.12) (Aftermarket) (Unl)",0,
12831,~Unlicensed~ Super Angry Birds,Unlicensed,8,1,local,2,Angry Birds (Asia) (En) (Extract) (Aftermarket) (Pirate),1,Angry Birds (Asia) (En) (Extract) (Aftermarket) (Pirate),0,
12878,Dream Master,Official,56,3,local,3,Namco Prism Zone - Dream Master (Japan),1,Namco Prism Zone - Dream Master (Japan),0,
12879,Esper Dream 2: Aratanaru Tatakai,Official,63,1,unmatched,0,,0,,0,
13326,~Homebrew~ LAN Master,Homebrew,10,1,local,2,LAN Master (World) (v1.1) (Aftermarket) (Unl),1,LAN Master (World) (v1.1) (Aftermarket) (Unl),0,
13343,~Homebrew~ The Legends of Owlia,Homebrew,16,1,local,3,"Legends of Owlia, The (World) (Aftermarket) (Unl)",1,"Legends of Owlia, The (World) (Aftermarket) (Unl)",0,
13345,~Hack~ Super Mario Bros. 3: A New Journey,Hack,33,1,unmatched,0,,0,,0,
13346,~Homebrew~ Pong de las Tortugas Ninja,Homebrew,14,3,unmatched,0,,0,,0,
13383,~Hack~ Final Strikyu,Hack,9,1,unmatched,0,,0,,0,
13393,~Homebrew~ Cookie Clicker,Homebrew,10,1,local,2,Cookie Clicker (World) (Proto) (Aftermarket) (Unl),1,Cookie Clicker (World) (Proto) (Aftermarket) (Unl),0,
13417,~Homebrew~ Nebs 'n Debs,Homebrew,24,2,local,4,,0,,0,
13420,~Homebrew~ Sudoku: NESWORLD Edition,Homebrew,20,1,local,2,Sudoku (World) (NESWORLD Edition) (Aftermarket) (Unl),1,Sudoku (World) (NESWORLD Edition) (Aftermarket) (Unl),0,
13422,~Hack~ Ninja Gaiden: Dragon Scroll,Hack,32,1,unmatched,0,,0,,0,
13428,~Homebrew~ I Wanna Flip the Sky,Homebrew,12,1,local,2,I Wanna Flip the Sky (World) (Aftermarket) (Unl),1,I Wanna Flip the Sky (World) (Aftermarket) (Unl),0,
13455,~Hack~ Super Mario Bros. 2 Squared: Return to Subcon,Hack,21,1,unmatched,0,,0,,0,
13792,~Homebrew~ Bootèe | Bootee,Homebrew,9,1,local,2,Bootee (World) (Aftermarket) (Unl),1,Bootee (World) (Aftermarket) (Unl),0,
14015,~Homebrew~ Gruniożerca 3: The Great Cavy Clean-Up!,Homebrew,10,1,local,2,"Gruniozerca 3 - The Great Cavy Clean-Up! (World) (En,Pl) (Aftermarket) (Unl)",1,"Gruniozerca 3 - The Great Cavy Clean-Up! (World) (En,Pl) (Aftermarket) (Unl)",0,
14017,~Homebrew~ Gruniożerca,Homebrew,22,1,local,3,Gruniozerca (World) (Pl) (UOROM) (Aftermarket) (Unl),1,Gruniozerca (World) (Pl) (UOROM) (Aftermarket) (Unl),0,
14227,~Unlicensed~ The Legend of Zelda: Triforce of the Gods | San Shen Zhi Li,Unlicensed,44,2,unmatched,0,,0,,0,
14336,~Homebrew~ Micro Mages,Homebrew,66,1,local,2,,0,,0,
14425,Dragon Ball Z Gaiden: Saiya Jin Zetsumetsu Keikaku,Official,63,2,local,2,Dragon Ball Z Gaiden - Saiya Jin Zetsumetsu Keikaku (Japan),1,Dragon Ball Z Gaiden - Saiya Jin Zetsumetsu Keikaku (Japan),0,
14496,~Hack~ Rockman 4: Burst Chaser X Air Sliding,Hack,75,1,unmatched,0,,0,,0,
14604,~Hack~ Puresabe Kirby's Adventure Hack,Hack,14,1,unmatched,0,,0,,0,
14628,~Hack~ Deadpool,Hack,65,1,unmatched,0,,0,,0,
14692,~Hack~ Ghostbusters Remastered,Hack,30,1,unmatched,0,,0,,0,
14751,~Hack~ Rockman 6: Unique Harassment,Hack,117,1,unmatched,0,,0,,0,
14752,~Hack~ Megaman 1: The New Lands,Hack,33,2,unmatched,0,,0,,0,
14767,~Unlicensed~ Koudai Yaoguai: Leaf Green I,Unlicensed,40,2,local,4,"Koudai Yaoguai - Leaf Green I (China) (Aftermarket) (Pirate),Pokemon - Leaf Green (World) (Aftermarket) (Pirate)",2,"Koudai Yaoguai - Leaf Green I (China) (Aftermarket) (Pirate),Pokemon - Leaf Green (World) (Aftermarket) (Pirate)",0,
14917,~Homebrew~ Family Picross,Homebrew,32,1,local,2,,0,,0,
14920,~Homebrew~ Beer Slinger,Homebrew,16,1,local,2,,0,,0,
15162,~Unlicensed~ Final Fantasy V,Unlicensed,10,2,local,2,Final Fantasy - Taikong Zhanshi V (China) (Pirate),1,Final Fantasy - Taikong Zhanshi V (China) (Pirate),0,
15166,~Unlicensed~ Final Fantasy X1: Dark Chapter,Unlicensed,20,2,local,2,Zuizhong Huanxiang X1 (China) (Aftermarket) (Pirate),1,Zuizhong Huanxiang X1 (China) (Aftermarket) (Pirate),0,
15169,~Unlicensed~ Final Fantasy X2: Light Chapter,Unlicensed,14,3,local,2,Zuizhong Huanxiang X2 (China) (Aftermarket) (Pirate),1,Zuizhong Huanxiang X2 (China) (Aftermarket) (Pirate),0,
15173,~Unlicensed~ Final Fantasy X3: Final Chapter,Unlicensed,15,2,local,2,Zuizhong Huanxiang X3 (China) (Aftermarket) (Pirate),1,Zuizhong Huanxiang X3 (China) (Aftermarket) (Pirate),0,
15323,~Unlicensed~ Super Donkey Kong 2,Unlicensed,12,1,unmatched,0,,0,,0,
15367,~Unlicensed~ World Heroes 2,Unlicensed,19,2,local,4,"World Heroes 2 Pro (Taiwan) (En) (Pirate),World Heroes 2 (Taiwan) (En) (Pirate)",2,"World Heroes 2 Pro (Taiwan) (En) (Pirate),World Heroes 2 (Taiwan) (En) (Pirate)",0,
15647,~Hack~ NES Mario Kart,Hack,20,1,unmatched,0,,0,,0,
15732,~Hack~ Deadpool Hardcore Edition,Hack,40,1,unmatched,0,,0,,0,
15922,~Hack~ Mega Man 3: Revamped,Hack,87,2,unmatched,0,,0,,0,
15959,~Homebrew~ Raven's Gate,Homebrew,18,1,local,2,Raven's Gate (World) (NESDev 2022) (Aftermarket) (Unl),1,Raven's Gate (World) (NESDev 2022) (Aftermarket) (Unl),0,
15960,~Hack~ The Legend of Iowa,Hack,33,1,unmatched,0,,0,,0,
15967,~Hack~ The Legend of Zelda: Link's Shadow,Hack,64,2,unmatched,0,,0,,0,
15974,Keroppi to Keroleen no Splash Bomb!,Official,30,2,local,2,Keroppi to Keroriinu no Splash Bomb! (Japan),1,Keroppi to Keroriinu no Splash Bomb! (Japan),0,
15983,~Hack~ Blaster Master: Pimp Your Ride,Hack,32,1,unmatched,0,,0,,0,
16120,~Hack~ Ultima: Exodus Remastered,Hack,93,4,unmatched,0,,0,,0,
16125,~Unlicensed~ Shudu,Unlicensed,6,1,unmatched,0,,0,,0,
16126,~Unlicensed~ Sudoku (NiceCode),Unlicensed,12,1,unmatched,0,,0,,0,
16203,~Hack~ The Adventures of Jerry Mouse: The Rescue of Nibbles,Hack,17,1,unmatched,0,,0,,0,
16253,~Hack~ Color a Ninja,Hack,7,1,unmatched,0,,0,,0,
16276,~Homebrew~ Lizard,Homebrew,60,1,local,2,,0,,0,
16376,~Homebrew~ nnnnnn,Homebrew,6,1,local,3,NNNNNN (World) (NESDev 2019) (Aftermarket) (Unl),1,NNNNNN (World) (NESDev 2019) (Aftermarket) (Unl),0,
16385,Tokkyuu Shirei Solbrain,Official,29,2,local,2,Tokkyuu Shirei Solbrain (Japan),1,Tokkyuu Shirei Solbrain (Japan),0,
16500,~Hack~ Rockman 5: Air Sliding,Hack,38,2,unmatched,0,,0,,0,
16514,~Hack~ Megaman in SMB1,Hack,27,1,unmatched,0,,0,,0,
16538,~Hack~ Super Sheffy Bros. 3,Hack,16,1,unmatched,0,,0,,0,
16549,Pac-Man: Championship Edition,Official,20,2,local,4,"Pac-Man - Championship Edition (Japan) (En) (Namcot Collection),Pac-Man - Championship Edition (USA, Europe) (Namco Museum Archives Vol 1)",2,"Pac-Man - Championship Edition (Japan) (En) (Namcot Collection),Pac-Man - Championship Edition (USA, Europe) (Namco Museum Archives Vol 1)",0,
16561,Super Mario Bros. [Subset - Bonus],Official,34,1,unmatched,0,,0,,0,
16596,~Hack~ Virtual Boy Mario,Hack,7,1,unmatched,0,,0,,0,
16608,~Hack~ Kamikaze Bros. 3,Hack,20,2,unmatched,0,,0,,0,
16612,~Hack~ Super Calm Bros. 3,Hack,32,1,unmatched,0,,0,,0,
16742,~Homebrew~ Jay and Silent Bob: Mall Brawl,Homebrew,32,1,unmatched,0,,0,,0,
16780,~Hack~ The Legend of Zelda: Journey of a Day,Hack,56,1,unmatched,0,,0,,0,
16783,~Hack~ Mega Man: Indonesian Artifact,Hack,45,1,unmatched,0,,0,,0,
17050,~Hack~ The Legend of Zelda: A New Light,Hack,46,2,unmatched,0,,0,,0,
17054,~Hack~ Super Diego Bros. 1 & 2,Hack,12,2,unmatched,0,,0,,0,
17058,~Hack~ Letty9 | (9),Hack,8,1,unmatched,0,,0,,0,
17077,~Homebrew~ MiedoW | Cheril's Nightmares,Homebrew,13,1,local,2,MiedoW (World) (NESDev 2017) (Aftermarket) (Unl),1,MiedoW (World) (NESDev 2017) (Aftermarket) (Unl),0,
17102,~Hack~ Zelda II: Ocarina of Time,Hack,42,1,unmatched,0,,0,,0,
17103,~Unlicensed~ Mortal Kombat II (Yoko Soft),Unlicensed,24,11,local,8,"Mortal Kombat II (Taiwan) (En) (Yoko) (Pirate),Mortal Kombat V Pro (Asia) (En) (Pirate),Mortal Kombat V Turbo - 30 People (Asia) (En) (VT-482) (Pirate),Mortal Kombat V Turbo - 30 People (Asia) (En) (V1995) (Pirate)",4,"Mortal Kombat II (Taiwan) (En) (Yoko) (Pirate),Mortal Kombat V Pro (Asia) (En) (Pirate),Mortal Kombat V Turbo - 30 People (Asia) (En) (VT-482) (Pirate),Mortal Kombat V Turbo - 30 People (Asia) (En) (V1995) (Pirate)",0,
17104,~Unlicensed~ Mortal Kombat 3 (Hummer Team),Unlicensed,20,4,local,6,"Ultimate Mortal Kombat 3 (Taiwan) (En) (Pirate),Ultimate Mortal Kombat 4 (Taiwan) (En) (Pirate),Mortal Kombat 3 (Taiwan) (En) (Hummer Team) (Pirate)",3,"Ultimate Mortal Kombat 3 (Taiwan) (En) (Pirate),Ultimate Mortal Kombat 4 (Taiwan) (En) (Pirate),Mortal Kombat 3 (Taiwan) (En) (Hummer Team) (Pirate)",0,
17105,~Unlicensed~ Mortal Kombat 3 (SuperGame),Unlicensed,12,4,nointro_db_only,0,,0,,1,Mortal Kombat 3 - Extra 60 (Taiwan) (En) (Pirate)
17112,~Unlicensed~ Wushi Hun | Samurai Spirits | Samurai Shodown III,Unlicensed,37,2,local,2,Wushi Hun (Taiwan) (En) (8 characters) (Pirate),1,Wushi Hun (Taiwan) (En) (8 characters) (Pirate),0,
17178,~Unlicensed~ Sudo King,Unlicensed,8,1,unmatched,0,,0,,0,
17183,~Unlicensed~ Crash Bandicoot,Unlicensed,7,2,unmatched,0,,0,,0,
17307,~Hack~ Mini Kaizo Bros. 3,Hack,58,1,unmatched,0,,0,,0,
17372,~Hack~ Ultimate Mortal Kombat 3,Hack,67,1,unmatched,0,,0,,0,
17378,Mike Tyson's Punch-Out!! [Subset - Bonus],Official,33,1,unmatched,0,,0,,0,
17391,~Homebrew~ ~Prototype~ The Wit.nes,Homebrew/Prototype,17,1,local,2,"Wit.nes, The (World) (Demo) (Aftermarket) (Unl)",1,"Wit.nes, The (World) (Demo) (Aftermarket) (Unl)",0,
17410,~Hack~ Arkanoid: Amiga Alternate Levels,Hack,19,1,unmatched,0,,0,,0,
17423,~Homebrew~ ~Demo~ Pizza Portals,Homebrew/Demo,7,1,local,3,Pizza Portals (World) (Demo) (Aftermarket) (Unl),1,Pizza Portals (World) (Demo) (Aftermarket) (Unl),0,
17452,~Homebrew~ ~Prototype~ Touhou Rououmu,Homebrew/Prototype,47,1,local,2,Touhou Rououmu (World) (Ja) (Beta 17) (Aftermarket) (Unl),1,Touhou Rououmu (World) (Ja) (Beta 17) (Aftermarket) (Unl),0,
17463,~Homebrew~ Trophy,Homebrew,16,1,local,2,,0,,0,
17489,Ninja Gaiden [Subset - Bonus],Official,43,4,unmatched,0,,0,,0,
17614,~Homebrew~ Carpet Shark,Homebrew,18,1,local,3,Carpet Shark (World) (Aftermarket) (Unl),1,Carpet Shark (World) (Aftermarket) (Unl),0,
17677,~Homebrew~ Eskimo Bob,Homebrew,48,3,local,6,,0,,1,Eskimo Bob Starring Alfonzo (World) (Demo) (Aftermarket) (Unl)
17691,~Homebrew~ 8-Bit Rhythm Land,Homebrew,40,1,local,2,,0,,0,
17703,~Homebrew~ Larry and the Long Look for a Luscious Lover,Homebrew,54,1,dat_only,0,,1,Larry and the Long Look for a Luscious Lover (USA) (Aftermarket) (Unl),0,
17751,~Homebrew~ The Ninja of the 4 Seasons,Homebrew,7,1,local,3,"Ninja of the 4 Seasons, The (World) (v1.1) (Aftermarket) (Unl)",1,"Ninja of the 4 Seasons, The (World) (v1.1) (Aftermarket) (Unl)",0,
17764,~Homebrew~ Kid Funky,Homebrew,6,1,local,3,Kid Funky (World) (v1.1) (Aftermarket) (Unl),1,Kid Funky (World) (v1.1) (Aftermarket) (Unl),0,
17767,~Homebrew~ Purple Cape Man,Homebrew,8,1,local,2,Purple Cape Man - Vigilante Ninja (World) (v4.0) (Aftermarket) (Unl),1,Purple Cape Man - Vigilante Ninja (World) (v4.0) (Aftermarket) (Unl),0,
17809,~Homebrew~ Alfonzo's Arctic Adventure,Homebrew,61,3,local,9,,0,,1,Alfonzo's Arctic Adventure (World) (Demo 2) (Aftermarket) (Unl)
17952,~Homebrew~ Alwa's Awakening,Homebrew,78,1,local,2,,0,,0,
18176,~Hack~ The Beatles: Adventures in Pepperland,Hack,17,1,unmatched,0,,0,,0,
18288,~Hack~ Zelda II: Amida's Curse,Hack,32,1,unmatched,0,,0,,0,
18308,~Hack~ MegaMari,Hack,52,1,unmatched,0,,0,,0,
18330,~Unlicensed~ Challenge of the Dragon (Sachen),Unlicensed,47,1,local,2,Challenge of the Dragon (Asia) (En) (Sachen) (Unl),1,Challenge of the Dragon (Asia) (En) (Sachen) (Unl),0,
18341,~Homebrew~ ~Demo~ DUNE 2: Sand Emperor,Homebrew/Demo,9,3,local,6,"Sand Emperor (World) (Demo 3) (Aftermarket) (Unl),Sand Emperor (World) (Demo 2) (PAL) (Aftermarket) (Unl),Sand Emperor (World) (Demo 2) (NTSC) (Aftermarket) (Unl)",3,"Sand Emperor (World) (Demo 3) (Aftermarket) (Unl),Sand Emperor (World) (Demo 2) (PAL) (Aftermarket) (Unl),Sand Emperor (World) (Demo 2) (NTSC) (Aftermarket) (Unl)",0,
18346,~Homebrew~ ~Demo~ Blockage,Homebrew/Demo,61,1,local,2,Blockage (World) (Demo 3) (Aftermarket) (Unl),1,Blockage (World) (Demo 3) (Aftermarket) (Unl),0,
18372,~Homebrew~ The Adventures of Panzer,Homebrew,11,1,local,2,,0,,0,
18463,~Hack~ Rockman: New Year's,Hack,20,13,unmatched,0,,0,,0,
18530,~Hack~ Hotel Mario II,Hack,32,1,unmatched,0,,0,,0,
18976,~Hack~ Rockman 3: The Last of Mushroom Kingdom?!,Hack,60,1,unmatched,0,,0,,0,
19538,~Hack~ The Legend of Zelda: Shadow of Night,Hack,43,1,unmatched,0,,0,,0,
19750,~Hack~ Mega Man Wily's Conquest II: Hyper Edition Turbo!,Hack,68,1,unmatched,0,,0,,0,
19851,~Hack~ Final Fantasy: Age of WarMECH,Hack,36,1,unmatched,0,,0,,0,
19882,~Homebrew~ The Arm Wrestling Classic,Homebrew,28,1,local,3,"Arm Wrestling Classic, The (World) (Aftermarket) (Unl)",1,"Arm Wrestling Classic, The (World) (Aftermarket) (Unl)",0,
19885,~Homebrew~ Tapeworm Disco Puzzle,Homebrew,35,1,local,2,,0,,0,
20038,~Homebrew~ From Below,Homebrew,18,1,local,2,From Below (World) (Aftermarket) (Unl),1,From Below (World) (Aftermarket) (Unl),0,
20046,~Hack~ Mega Man: Ultra Challenge,Hack,30,1,unmatched,0,,0,,0,
20071,~Hack~ Kirby's Halloween Adventure,Hack,77,1,unmatched,0,,0,,0,
20085,~Hack~ Junkoid,Hack,25,1,unmatched,0,,0,,0,
20087,~Hack~ Dragoon X Omega I - Gold Edition: Amnethen Apocalypse,Hack,32,1,unmatched,0,,0,,0,
20098,~Homebrew~ Wolfling,Homebrew,17,1,local,2,Wolfling (World) (v1.4) (Aftermarket) (Unl),1,Wolfling (World) (v1.4) (Aftermarket) (Unl),0,
20271,~Hack~ Dragoon X Omega II: Easy Mode,Hack,39,1,unmatched,0,,0,,0,
20504,~Hack~ Present Panic: A Princess Adventure,Hack,28,1,unmatched,0,,0,,0,
20513,~Homebrew~ KiraKira Star Night AC,Homebrew,21,1,local,2,Kira Kira Star Night AC (Japan) (En) (Aftermarket) (Unl),1,Kira Kira Star Night AC (Japan) (En) (Aftermarket) (Unl),0,
20517,~Homebrew~ KiraKira Star Night DX,Homebrew,21,1,local,2,Kira Kira Star Night DX - Tournament Edition (Japan) (En) (Aftermarket) (Unl),1,Kira Kira Star Night DX - Tournament Edition (Japan) (En) (Aftermarket) (Unl),0,
20555,~Homebrew~ 8BIT Music Power,Homebrew,22,1,local,2,,0,,0,
20561,~Hack~ Teenage Super Ninja Plumbers,Hack,52,1,unmatched,0,,0,,0,
21370,~Homebrew~ Halloween: October 31st Demake,Homebrew,22,1,local,4,Halloween - October 31st (World) (Aftermarket) (Unl),1,Halloween - October 31st (World) (Aftermarket) (Unl),0,
21380,~Hack~ Castlevania: The Last Tear,Hack,66,1,unmatched,0,,0,,0,
21402,~Homebrew~ Friday The 13th: Return To Camp Blood Demake,Homebrew,27,1,local,4,Friday the 13th - Return to Camp Blood (World) (Aftermarket) (Unl),1,Friday the 13th - Return to Camp Blood (World) (Aftermarket) (Unl),0,
21424,~Homebrew~ Plummet Challenge Game,Homebrew,18,1,local,3,Plummet Challenge Game (World) (Aftermarket) (Unl),1,Plummet Challenge Game (World) (Aftermarket) (Unl),0,
21431,~Homebrew~ A Nightmare on Elm Street: Son of a Hundred Maniacs Demake,Homebrew,18,1,local,4,"Nightmare on Elm Street, A - Son of a Hundred Maniacs (World) (v0.02) (Aftermarket) (Unl)",1,"Nightmare on Elm Street, A - Son of a Hundred Maniacs (World) (v0.02) (Aftermarket) (Unl)",0,
21433,~Homebrew~ Flappy Bird (jwarby),Homebrew,10,1,local,3,Flappy Bird (Europe) (jwarby) (PAL) (Aftermarket) (Unl),1,Flappy Bird (Europe) (jwarby) (PAL) (Aftermarket) (Unl),0,
21446,Tecmo Bowl,Official,67,1,local,2,Tecmo Bowl (USA) (Rev 1),1,Tecmo Bowl (USA) (Rev 1),0,
21475,~Homebrew~ Flappy Bird (INioreh),Homebrew,10,1,local,2,Flappy Bird (World) (Nioreh) (Aftermarket) (Unl),1,Flappy Bird (World) (Nioreh) (Aftermarket) (Unl),0,
21495,~Homebrew~ Coin World,Homebrew,24,1,local,2,Coin World (World) (Aftermarket) (Unl),1,Coin World (World) (Aftermarket) (Unl),0,
21503,~Homebrew~ NEScape!,Homebrew,17,1,local,2,,0,,0,
21567,~Homebrew~ Tactus,Homebrew,20,1,local,3,Tactus (World) (Proto 1) (NESDev 2022) (Aftermarket) (Unl),1,Tactus (World) (Proto 1) (NESDev 2022) (Aftermarket) (Unl),0,
21877,~Hack~ The Legend of Zelda: Ancient Dungeon,Hack,39,1,unmatched,0,,0,,0,
21928,~Hack~ Mega Man 1: Limbo Edition,Hack,49,1,unmatched,0,,0,,0,
22089,~Hack~ Vs. Airman,Hack,28,2,unmatched,0,,0,,0,
22294,~Homebrew~ Irritating Ship,Homebrew,6,1,local,2,Irritating Ship (World) (NESDev 2022) (Aftermarket) (Unl),1,Irritating Ship (World) (NESDev 2022) (Aftermarket) (Unl),0,
22418,~Homebrew~ Candyman: Be My Victim Demake,Homebrew,39,1,local,4,Candyman - Be My Victim (World) (Aftermarket) (Unl),1,Candyman - Be My Victim (World) (Aftermarket) (Unl),0,
22519,~Homebrew~ Anguna: Scourge of the Goblin King,Homebrew,32,1,local,3,,0,,0,
22543,~Homebrew~ Fruit Shinobi,Homebrew,10,1,local,2,Fruit Shinobi (World) (Aftermarket) (Unl),1,Fruit Shinobi (World) (Aftermarket) (Unl),0,
22575,~Homebrew~ Dungeons & DoomKnights,Homebrew,31,3,local,6,,0,,0,
22841,~Hack~ Dragoon X Omega II: Easy Mode [Subset - Superpowered Superbosses],Hack,10,1,unmatched,0,,0,,0,
22872,The Battle of Olympus [Subset - Bonus],Official,30,1,unmatched,0,,0,,0,
22891,Silva Saga,Official,44,2,local,2,Silva Saga (Japan),1,Silva Saga (Japan),0,
23768,~Hack~ Megaman 1: Speed Bomber,Hack,68,1,unmatched,0,,0,,0,
23910,Super Mario Bros. [Subset - Sub 5-Minute Speedrun],Official,9,1,local,2,Super Mario Bros. + Duck Hunt (USA),1,Super Mario Bros. + Duck Hunt (USA),0,
24043,~Hack~ Megaman 1: The New Lands Remastered,Hack,34,1,unmatched,0,,0,,0,
24044,~Hack~ SMB Extended,Hack,56,2,unmatched,0,,0,,0,
24067,Metroid [Subset - Bonus],Official,72,1,unmatched,0,,0,,0,
24096,~Hack~ Mega Man 2: Rockman no Constancy: Hard Mode,Hack,52,1,unmatched,0,,0,,0,
24139,~Hack~ Zelda II: The Triforce of Courage,Hack,53,1,unmatched,0,,0,,0,
24188,~Hack~ Mega Man 3: Revamped [Subset - Bonus],Hack,45,2,unmatched,0,,0,,0,
24231,Super Mario Bros. [Subset - Sub 20-Minute Warpless Speedrun],Official,33,1,local,2,Super Mario Bros. + Duck Hunt + World Class Track Meet (USA) (Rev 1),1,Super Mario Bros. + Duck Hunt + World Class Track Meet (USA) (Rev 1),0,
24692,~Homebrew~ Space Mutants,Homebrew,20,1,local,3,Space Mutants (World) (v1.03) (DK) (Retro Achievements) (Aftermarket) (Unl),1,Space Mutants (World) (v1.03) (DK) (Retro Achievements) (Aftermarket) (Unl),0,
24943,~Hack~ The Legend of Zelda: Fall of Hyrule,Hack,29,1,unmatched,0,,0,,0,
24944,~Hack~ Manall's FF1,Hack,42,1,unmatched,0,,0,,0,
25033,~Homebrew~ ~Demo~ The Secret of NecroNancy,Homebrew/Demo,7,1,local,3,"Secret of NecroNancy, The (World) (Demo) (Aftermarket) (Unl)",1,"Secret of NecroNancy, The (World) (Demo) (Aftermarket) (Unl)",0,
25038,~Hack~ Celeste Mario's Zap & Dash!,Hack,36,1,unmatched,0,,0,,0,
25230,~Homebrew~ Garbage Pail Kids: Mad Mike and the Quest for Stale Gum,Homebrew,22,1,local,2,,0,,0,
25303,Ninja Gaiden [Subset - Full Game Damageless],Official,22,1,unmatched,0,,0,,0,
25398,~Homebrew~ 5-STAR,Homebrew,12,1,local,3,5-STAR Restaurant (World) (Aftermarket) (Unl),1,5-STAR Restaurant (World) (Aftermarket) (Unl),0,
25595,~Homebrew~ Bowels of the Beast,Homebrew,6,1,local,3,Bowels of the Beast (World) (Aftermarket) (Unl),1,Bowels of the Beast (World) (Aftermarket) (Unl),0,
25603,~Homebrew~ Witches Weed,Homebrew,9,1,unmatched,0,,0,,0,
25608,~Homebrew~ Celeste Classic,Homebrew,6,1,unmatched,0,,0,,0,
25609,Wizardry: Proving Grounds of the Mad Overlord [Subset - Solo Class],Official,56,1,unmatched,0,,0,,0,
26276,~Hack~ Zelda II: Resurrection of Ganon,Hack,40,1,unmatched,0,,0,,0,
26493,~Hack~ Rockman 2: StalkerMaestro vs The Rockmen,Hack,49,2,unmatched,0,,0,,0,
26631,~Homebrew~ ShmupSpeed,Homebrew,7,1,local,3,ShmupSpeed (World) (Aftermarket) (Unl),1,ShmupSpeed (World) (Aftermarket) (Unl),0,
26672,~Homebrew~ Rainbow Brite: Journey to Rainbow Land,Homebrew,18,1,local,2,,0,,0,
26884,~Hack~ Zelda II: Boss Endurance,Hack,18,1,unmatched,0,,0,,0,
26983,~Homebrew~ OVER OBJ,Homebrew,27,1,local,2,,0,,0,
27345,~Hack~ Super Ale Bros. Redux,Hack,44,1,unmatched,0,,0,,0,
27402,~Homebrew~ Mosh Lift,Homebrew,14,1,unmatched,0,,0,,0,
27537,~Hack~ Final Fantasy Elements,Hack,25,2,unmatched,0,,0,,0,
27578,Mahou no Princess Minky Momo Remember Dream,Official,24,2,local,2,Mahou no Princess Minky Momo - Remember Dream (Japan),1,Mahou no Princess Minky Momo - Remember Dream (Japan),0,
27587,~Unlicensed~ Koudai Guaishou II,Unlicensed,17,1,local,2,Koudai Guaishou II (China) (No numeral) (Aftermarket) (Pirate),1,Koudai Guaishou II (China) (No numeral) (Aftermarket) (Pirate),0,
27588,~Unlicensed~ Shenqi Baobei,Unlicensed,32,1,local,2,Shenqi Baobei (China) (Aftermarket) (Pirate),1,Shenqi Baobei (China) (Aftermarket) (Pirate),0,
27741,~Hack~ The Battle of Olympus: Item Randomizer,Hack,127,3,unmatched,0,,0,,0,
27867,~Homebrew~ Little Sisyphus,Homebrew,14,1,local,3,Little Sisyphus (World) (Aftermarket) (Unl),1,Little Sisyphus (World) (Aftermarket) (Unl),0,
28048,~Hack~ Blaster Master: The Lost Key,Hack,50,1,unmatched,0,,0,,0,
28124,~Prototype~ Super Sushi Pinball,Prototype,28,1,local,2,Super Sushi Pinball (USA) (Proto),1,Super Sushi Pinball (USA) (Proto),0,
28136,~Homebrew~ For the Birds VI,Homebrew,6,1,local,2,For the Birds VI (World) (Aftermarket) (Unl),1,For the Birds VI (World) (Aftermarket) (Unl),0,
28137,~Hack~ The Battle of Olympus: Item Randomizer [Subset - Bonus],Hack,54,2,unmatched,0,,0,,0,
28203,~Hack~ Ninja Gaiden Upgrade A,Hack,37,12,unmatched,0,,0,,0,
28231,Sanrio Cup: Pon Pon Volley,Official,14,2,local,2,Sanrio Cup - Pon Pon Volley (Japan),1,Sanrio Cup - Pon Pon Volley (Japan),0,
28260,~Homebrew~ Proximity Shift,Homebrew,10,1,local,2,Proximity Shift (World) (NESDev 2023) (Aftermarket) (Unl),1,Proximity Shift (World) (NESDev 2023) (Aftermarket) (Unl),0,
28261,~Homebrew~ Fish,Homebrew,6,1,unmatched,0,,0,,0,
28375,Wizardry: Proving Grounds of the Mad Overlord [Subset - Item Drops],Official,94,1,unmatched,0,,0,,0,
28427,Ninja Gaiden III: The Ancient Ship of Doom [Subset - Bonus],Official,23,1,unmatched,0,,0,,0,
28594,Final Fantasy [Subset - 126 Combination Challenge],Official,631,1,unmatched,0,,0,,0,
28951,~Hack~ Castlevania II: Subotai's Hunt,Hack,54,1,unmatched,0,,0,,0,
28976,~Homebrew~ Donsol,Homebrew,6,1,local,2,,0,,0,
28990,~Homebrew~ Graveyard Dude,Homebrew,34,1,local,2,,0,,0,
29052,~Homebrew~ Oopi's Quest,Homebrew,14,1,local,2,Oopie's Quest (World) (v1.2.0) (Aftermarket) (Unl),1,Oopie's Quest (World) (v1.2.0) (Aftermarket) (Unl),0,
29081,~Homebrew~ Mischief Castle,Homebrew,37,2,local,4,,0,,0,
29741,~Homebrew~ Famidash,Homebrew,28,1,local,2,Famidash (World) (Aftermarket) (Unl),1,Famidash (World) (Aftermarket) (Unl),0,
29743,~Homebrew~ Rugrats: Adventures in Gameland,Homebrew,30,1,local,2,,0,,0,
29752,~Hack~ Rockman 5: Double Jumper,Hack,76,1,unmatched,0,,0,,0,
29858,~Hack~ Mini Lunar Ball,Hack,66,1,unmatched,0,,0,,0,
29886,~Homebrew~ Tiny Golf,Homebrew,11,1,local,2,Tiny Golf (World) (Aftermarket) (Unl),1,Tiny Golf (World) (Aftermarket) (Unl),0,
30194,~Hack~ Rockman Classical,Hack,19,1,unmatched,0,,0,,0,
30400,~Hack~ Manall's FF1 [Subset - Magecore Run],Hack,35,1,unmatched,0,,0,,0,
30909,~Homebrew~ ~Demo~ ChronoKnight,Homebrew/Demo,6,1,local,3,,0,,1,ChronoKnight (World) (Byte-Off 2020) (Aftermarket) (Unl)
30984,~Hack~ Mario Adventure III,Hack,51,1,unmatched,0,,0,,0,
31654,Rampart (Konami),Official,31,2,local,2,Rampart (Japan) (Konami),1,Rampart (Japan) (Konami),0,
31880,~Hack~ Sonic the Hedgehog Vol. 2,Hack,32,1,unmatched,0,,0,,0,
32714,~Homebrew~ The Great Gatsby,Homebrew,20,1,local,3,"Great Gatsby, The (World) (Aftermarket) (Unl)",1,"Great Gatsby, The (World) (Aftermarket) (Unl)",0,
32821,~Homebrew~ Gunhawk,Homebrew,27,1,local,2,,0,,0,
32823,~Hack~ Gun.Smoke: Hell's Maw,Hack,6,1,unmatched,0,,0,,0,
33105,~Hack~ Donkey Kong Country NES Edition,Hack,40,1,unmatched,0,,0,,0,
33107,~Homebrew~ CUBE,Homebrew,23,1,local,3,CUBE (World) (v1.08.1) (Aftermarket) (Unl),1,CUBE (World) (v1.08.1) (Aftermarket) (Unl),0,
33482,~Homebrew~ All Hell Unleashed Ver 6.66,Homebrew,51,1,local,2,All Hell Unleashed (World) (v6.66) (Aftermarket) (Unl),1,All Hell Unleashed (World) (v6.66) (Aftermarket) (Unl),0,
33664,~Hack~ Final Fantasy: Economic Collapse,Hack,35,2,unmatched,0,,0,,0,
33720,~Unlicensed~ Super Contra 7,Unlicensed,14,3,local,6,"Chaoji Zhan Hun - Super Contra 7 (China) (Pirate),Super Contra 8 (China) (En) (Pirate),Chaoji Zhan Hun - Super Contra 7 (China) (960418) (Pirate)",3,"Chaoji Zhan Hun - Super Contra 7 (China) (Pirate),Super Contra 8 (China) (En) (Pirate),Chaoji Zhan Hun - Super Contra 7 (China) (960418) (Pirate)",0,
33769,~Hack~ Bald Bull's Punch-Out!!,Hack,29,1,unmatched,0,,0,,0,
34141,~Homebrew~ CrazyBus,Homebrew,7,1,local,2,CrazyBus (World) (Aftermarket) (Unl),1,CrazyBus (World) (Aftermarket) (Unl),0,
34327,~Hack~ Mike Tyson's Punch-Out!!??,Hack,30,1,unmatched,0,,0,,0,
34399,~Hack~ Glass Joe's Punch Out!!,Hack,24,1,unmatched,0,,0,,0,
34489,Tetris (Nintendo) [Subset - Master],Official,17,1,unmatched,0,,0,,0,
34493,~Hack~ Nightmare Punch-Out!!,Hack,29,1,unmatched,0,,0,,0,
34505,Castlevania II: Simon's Quest [Subset - Full Game Damageless],Official,10,1,unmatched,0,,0,,0,
34510,~Homebrew~ Five Nights at Freddy's: NES,Homebrew,12,1,local,3,Five Nights at Freddy's (World) (Aftermarket) (Unl),1,Five Nights at Freddy's (World) (Aftermarket) (Unl),0,
35592,Final Fantasy [Subset - Low Level Game],Official,17,1,unmatched,0,,0,,0,
35912,The Legend of Zelda [Subset - Low%],Official,18,1,unmatched,0,,0,,0,
37019,~Homebrew~ Old Towers,Homebrew,14,1,local,2,Old Towers (World) (v1.1) (Aftermarket) (Unl),1,Old Towers (World) (v1.1) (Aftermarket) (Unl),0,
37807,~Homebrew~ Chicken of the Farm,Homebrew,20,1,local,2,Chicken of the Farm (World) (NESDev 2018) (Aftermarket) (Unl),1,Chicken of the Farm (World) (NESDev 2018) (Aftermarket) (Unl),0,
38255,~Hack~ Ghosts 'n Goblins: Powered Up!!,Hack,26,1,unmatched,0,,0,,0,
38346,~Hack~ Zelda II: Monster Festival,Hack,41,1,unmatched,0,,0,,0,
38471,Kings of the Beach [Subset - Multiplayer],Official,6,1,unmatched,0,,0,,0,
38490,Mini-Putt [Subset - Ace Putter],Official,8,0,unmatched,0,,0,,0,
38491,Dragon Quest [Subset - Full Game Runs],Official,13,2,unmatched,0,,0,,0,
39071,~Hack~ The Adventure of Mario,Hack,37,1,unmatched,0,,0,,0,
40860,~Hack~ Difficult? Punch-Out!!,Hack,49,1,unmatched,0,,0,,0,
41176,~Homebrew~ Lights Out,Homebrew,50,1,unmatched,0,,0,,0,
43565,~Homebrew~ Penguin: Sokoban Adventure,Homebrew,13,1,local,2,Penguin - Sokoban Adventure (World) (v1.1) (Aftermarket) (Unl),1,Penguin - Sokoban Adventure (World) (v1.1) (Aftermarket) (Unl),0,
